,time (s),mean_local,std_local,collision_flag,dmin,reward
0,21.5,2.5212717291857274,1.8219600337017867,Collision,1.9287588719017619,-0.07787460521030998
