,time (s),mean_local,std_local,collision_flag,dmin,reward
0,12.75,2.5051783659378595,1.8148558091488902,Reaching goal,0.37101542149162864,0.26025024367368715
