,time (s),mean_local,std_local,collision_flag,dmin,reward
0,11.75,2.4237288135593222,1.950257608629495,Reaching goal,3.385068230146388,0.29707190983224224
