,time (s),mean_local,std_local,collision_flag,dmin,reward
0,12.5,2.5278514588859418,1.8313201740977882,Reaching goal,2.137868428478091,0.2642356908555774
