,time (s),mean_local,std_local,collision_flag,dmin,reward
0,11.75,2.40310442144873,1.7812575375976825,Reaching goal,0.47785387649507444,0.29770687126185896
