,time (s),mean_local,std_local,collision_flag,dmin,reward
0,12.0,2.34703196347032,1.9812195528983039,Reaching goal,0.5617519388606411,0.26935048952886287
