,time (s),mean_local,std_local,collision_flag,dmin,reward
0,13.5,2.500302602380472,1.8011522966541929,Reaching goal,0.6592187930376887,0.23462961578664843
