,time (s),mean_local,std_local,collision_flag,dmin,reward
0,11.0,2.49847032429125,1.8022658098187754,Reaching goal,0.8037679732472094,0.31079591334248957
