,time (s),mean_local,std_local,collision_flag,dmin,reward
0,13.25,2.3896028037383177,1.7937024652444213,Reaching goal,2.0748056722871393,0.243778582213062
