,time (s),mean_local,std_local,collision_flag,dmin,reward
0,9.5,3.9473684210526314,1.848859796868452,Collision,0.4541355830677483,-0.11434129949529599
