,time (s),mean_local,std_local,collision_flag,dmin,reward
0,11.25,2.5018212384421408,1.822175761558177,Reaching goal,2.056455126383595,0.29565244071983415
