,time (s),mean_local,std_local,collision_flag,dmin,reward
0,12.0,2.4,1.9190771591723828,Reaching goal,1.1780638818900708,0.28347120325236735
