,time (s),mean_local,std_local,collision_flag,dmin,reward
0,12.75,2.4970158468820745,1.8046558164146538,Reaching goal,0.8023352564328818,0.26793618413567305
