,time (s),mean_local,std_local,collision_flag,dmin,reward
0,11.5,2.3978494623655915,1.819191507450296,Reaching goal,0.6639890080489366,0.2962529754035485
