,time (s),mean_local,std_local,collision_flag,dmin,reward
0,13.25,2.5175018886930243,1.8245598896495876,Reaching goal,0.40951733039639776,0.2466011554495984
