,time (s),mean_local,std_local,collision_flag,dmin,reward
0,7.0,3.25,1.844393047667908,Collision,0.10431263730419482,-0.1550161234966133
