,time (s),mean_local,std_local,collision_flag,dmin,reward
0,11.5,2.5195140863272165,1.8242625936150874,Reaching goal,0.532497316389694,0.30565269625961566
