,time (s),mean_local,std_local,collision_flag,dmin,reward
0,12.25,2.515277438279149,1.8169598871494204,Reaching goal,1.8319152209059373,0.24994006753877676
