,time (s),mean_local,std_local,collision_flag,dmin,reward
0,12.75,2.5136659436008677,1.8116062937240398,Reaching goal,1.1513410461540206,0.26793618413567305
