,time (s),mean_local,std_local,collision_flag,dmin,reward
0,8.5,3.235294117647059,1.7666655785507304,Reaching goal,1.7709240589364776,0.3745365317510642
