,time (s),mean_local,std_local,collision_flag,dmin,reward
0,10.5,2.394225721784777,1.7857611922269587,Reaching goal,0.4395185977904262,0.3396141069551285
