,time (s),mean_local,std_local,collision_flag,dmin,reward
0,12.0,2.4070397111913358,1.7891465866864185,Reaching goal,0.2738204354009795,0.28996760794560417
