,time (s),mean_local,std_local,collision_flag,dmin,reward
0,12.5,2.4946336910872606,1.821180959561589,Reaching goal,0.7954461589289783,0.23353274493486356
