,time (s),mean_local,std_local,collision_flag,dmin,reward
0,14.5,2.4955845248107655,1.807313154933591,Reaching goal,0.7582099057804086,0.2081583341173102
