,time (s),mean_local,std_local,collision_flag,dmin,reward
0,12.0,2.396942800788955,1.779161239643376,Reaching goal,0.5326785622511128,0.0889398067194764
