,time (s),mean_local,std_local,collision_flag,dmin,reward
0,11.5,2.5217391304347827,1.6383864070797194,Reaching goal,1.80842997239084,0.30565269625961566
