,time (s),mean_local,std_local,collision_flag,dmin,reward
0,12.25,2.5232261357835633,1.821640265580221,Reaching goal,0.3755022747018178,0.21214844718500606
