,time (s),mean_local,std_local,collision_flag,dmin,reward
0,13.0,2.3959660297239913,1.7842209641611595,Reaching goal,0.43632382202987335,0.2419997676448661
