,time (s),mean_local,std_local,collision_flag,dmin,reward
0,17.75,2.5230084116773877,1.818207450194586,Reaching goal,0.8327099885324469,0.1372362747504641
