,time (s),mean_local,std_local,collision_flag,dmin,reward
0,12.25,2.3544973544973544,1.9803915454458558,Reaching goal,0.8985525762870137,0.266222322512942
