,time (s),mean_local,std_local,collision_flag,dmin,reward
0,9.25,2.5263440860215054,1.8301109226305632,Reaching goal,1.5281128614597521,0.32754754479316994
