,time (s),mean_local,std_local,collision_flag,dmin,reward
0,11.5,2.407781599312124,1.774075171497536,Reaching goal,0.5381219588692758,0.30565269625961566
