,time (s),mean_local,std_local,collision_flag,dmin,reward
0,12.25,2.4932081502197363,1.8013217656203284,Reaching goal,1.3905599947958351,0.2527003581753146
