,time (s),mean_local,std_local,collision_flag,dmin,reward
0,4.5,3.111111111111111,2.051798368068821,Collision,0.21050568329261626,-0.17033435614978049
