,time (s),mean_local,std_local,collision_flag,dmin,reward
0,14.25,2.4013447116627877,1.7789035397831297,Reaching goal,1.688500905503818,0.2287679245496101
