,time (s),mean_local,std_local,collision_flag,dmin,reward
0,12.25,2.389768574908648,1.7783630048145673,Reaching goal,2.2096712184618084,0.27391079913776273
