,time (s),mean_local,std_local,collision_flag,dmin,reward
0,12.0,2.1875,1.911110606427582,Reaching goal,1.807015015396608,0.22799078875786455
