,time (s),mean_local,std_local,collision_flag,dmin,reward
0,11.75,2.5121068114958134,1.8214048951748136,Reaching goal,2.0182460222027157,0.24752527183679895
