,time (s),mean_local,std_local,collision_flag,dmin,reward
0,12.75,2.235294117647059,1.408492940868076,Reaching goal,2.0088994295770477,0.26793618413567305
