,time (s),mean_local,std_local,collision_flag,dmin,reward
0,9.25,2.5157461240310077,1.8196931244937806,Reaching goal,2.493422037906643,0.33029690152654234
