,time (s),mean_local,std_local,collision_flag,dmin,reward
0,13.75,2.503777148253069,1.8172489276822823,Reaching goal,0.7359992451952166,0.24114256572210577
