,time (s),mean_local,std_local,collision_flag,dmin,reward
0,13.5,2.420245398773006,1.8793570075601207,Reaching goal,0.6984879378172351,0.2367170520523317
