,time (s),mean_local,std_local,collision_flag,dmin,reward
0,13.0,2.4958402662229617,1.8065740555203185,Reaching goal,1.2037780332793515,0.2599454635663844
