,time (s),mean_local,std_local,collision_flag,dmin,reward
0,11.5,2.891304347826087,1.7721058569515438,Reaching goal,0.2215336692592425,0.28589828440958254
