,time (s),mean_local,std_local,collision_flag,dmin,reward
0,13.25,2.3455882352941178,1.9586860709586604,Reaching goal,1.7996526502565555,0.22100295471651996
