,time (s),mean_local,std_local,collision_flag,dmin,reward
0,12.25,2.3824228028503565,1.802235302969899,Reaching goal,1.123059997767926,0.2813861642383685
