,time (s),mean_local,std_local,collision_flag,dmin,reward
0,11.75,2.500638569604087,1.81172674139965,Reaching goal,2.378863121224966,0.29770687126185896
