,time (s),mean_local,std_local,collision_flag,dmin,reward
0,11.5,2.4239130434782608,1.860538115544824,Reaching goal,3.2249244643212953,0.2982450461583221
