,time (s),mean_local,std_local,collision_flag,dmin,reward
0,17.75,2.732394366197183,1.6947121279403115,Reaching goal,0.6608886512717198,0.1582136373702736
