,time (s),mean_local,std_local,collision_flag,dmin,reward
0,11.5,2.515463917525773,1.8170707063026195,Reaching goal,2.2066502116625832,0.30565269625961566
