,time (s),mean_local,std_local,collision_flag,dmin,reward
0,10.25,2.5067727370457966,1.8121010765129135,Reaching goal,0.7023234994228305,0.3486784401000001
