,time (s),mean_local,std_local,collision_flag,dmin,reward
0,13.25,2.374269005847953,1.949729001450674,Reaching goal,1.7988253119474804,0.23490339206245556
