,time (s),mean_local,std_local,collision_flag,dmin,reward
0,13.25,2.521579911064609,1.831223485877171,Reaching goal,3.101032872265068,0.25060067040497963
