,time (s),mean_local,std_local,collision_flag,dmin,reward
0,11.75,2.391825613079019,1.7876776806866415,Reaching goal,3.1359615436448154,0.29770687126185896
