,time (s),mean_local,std_local,collision_flag,dmin,reward
0,23.5,2.5171726124529137,1.8204904535223554,Reaching goal,2.242277274732701,0.0413104507718998
