,time (s),mean_local,std_local,collision_flag,dmin,reward
0,14.5,2.5204995927233234,1.8342387493196386,Reaching goal,1.4364010606951347,0.21057744216997135
