,time (s),mean_local,std_local,collision_flag,dmin,reward
0,14.0,2.5075862068965518,1.8262485670837,Reaching goal,0.9938090648432631,0.22902006445569537
