,time (s),mean_local,std_local,collision_flag,dmin,reward
0,12.0,2.4985811577752552,1.8214101341500724,Reaching goal,1.3663444577607984,0.28996760794560417
