,time (s),mean_local,std_local,collision_flag,dmin,reward
0,13.25,2.5099258550585986,1.8224750942795707,Reaching goal,1.4914845204388523,0.2541865828329001
