,time (s),mean_local,std_local,collision_flag,dmin,reward
0,9.75,1.903194103194103,1.30655674764073,Reaching goal,0.8570166045636423,0.3655817076526963
