,time (s),mean_local,std_local,collision_flag,dmin,reward
0,8.75,1.8738181818181818,1.2884401999162907,Reaching goal,0.9944965982994702,0.4081595938831062
