,time (s),mean_local,std_local,collision_flag,dmin,reward
0,8.5,1.8608556577369053,1.2824871142735377,Reaching goal,1.0875409334763106,0.4192766752532451
