,time (s),mean_local,std_local,collision_flag,dmin,reward
0,9.25,1.832821143208359,1.2652335070098333,Reaching goal,0.7459007194422078,0.3874204890000001
