,time (s),mean_local,std_local,collision_flag,dmin,reward
0,8.75,1.8614935335836462,1.2791475854362533,Reaching goal,1.901880814669197,0.4083770524854032
