,time (s),mean_local,std_local,collision_flag,dmin,reward
0,9.0,1.9228456913827656,1.3070868641284814,Reaching goal,0.8862005273075098,0.39776077907490276
