,time (s),mean_local,std_local,collision_flag,dmin,reward
0,8.75,1.8307990047000275,1.2767945451184108,Reaching goal,2.115479445356959,0.4083770524854032
