,time (s),mean_local,std_local,collision_flag,dmin,reward
0,8.75,1.9566602931803696,1.2998634286100108,Reaching goal,0.8655978163072893,0.4083770524854032
