,time (s),mean_local,std_local,collision_flag,dmin,reward
0,9.5,1.845065996228787,1.2650871455762238,Reaching goal,1.0529115326206342,0.37734900772792057
