,time (s),mean_local,std_local,collision_flag,dmin,reward
0,9.0,1.9089465325569084,1.298763267981185,Reaching goal,2.2214687379016045,0.3967643019876986
