,time (s),mean_local,std_local,collision_flag,dmin,reward
0,8.5,1.9001618996222343,1.288525044290024,Reaching goal,1.1374232602544618,0.40994673243263996
