,time (s),mean_local,std_local,collision_flag,dmin,reward
0,9.0,1.951981707317073,1.3360545664543146,Reaching goal,0.7462556924861292,0.39776077907490276
