,time (s),mean_local,std_local,collision_flag,dmin,reward
0,9.0,1.9933333333333334,1.5556206335593379,Reaching goal,2.2766539646074864,0.39776077907490276
