,time (s),mean_local,std_local,collision_flag,dmin,reward
0,9.25,1.8268959684240202,1.2720803289479816,Reaching goal,0.8086841659854467,0.3874204890000001
