,time (s),mean_local,std_local,collision_flag,dmin,reward
0,9.0,1.9554655870445343,1.3583005001897588,Reaching goal,0.7425546737489506,0.3971557287672631
