,time (s),mean_local,std_local,collision_flag,dmin,reward
0,9.0,1.9008264462809918,1.2910973174050124,Reaching goal,2.5225906764375474,0.39776077907490276
