,time (s),mean_local,std_local,collision_flag,dmin,reward
0,8.75,1.8723856788372917,1.2882996557366158,Reaching goal,2.450813298471127,0.4083770524854032
