,time (s),mean_local,std_local,collision_flag,dmin,reward
0,9.25,1.9575289575289576,1.4867923267580565,Reaching goal,0.9229296516167089,0.3874204890000001
