,time (s),mean_local,std_local,collision_flag,dmin,reward
0,9.5,1.8696132596685082,1.2919702563331694,Reaching goal,0.32399980088488617,0.37355994421429417
