,time (s),mean_local,std_local,collision_flag,dmin,reward
0,9.0,2.0401069518716577,1.3468108455911465,Reaching goal,1.0811179168195661,0.3687017234840571
