,time (s),mean_local,std_local,collision_flag,dmin,reward
0,8.75,1.8182358182358183,1.2646246140816768,Reaching goal,1.8298006533469244,0.4083770524854032
