,time (s),mean_local,std_local,collision_flag,dmin,reward
0,11.0,5.7516469038208164,2.6725524902982736,Reaching goal,1.0222735809460244,0.32218623105067123
