,time (s),mean_local,std_local,collision_flag,dmin,reward
0,16.0,5.618991097922849,2.5872768224532603,Reaching goal,0.6651088731202601,0.1902477475731109
