,time (s),mean_local,std_local,collision_flag,dmin,reward
0,14.5,5.667488899851998,2.6286238423626758,Reaching goal,0.7915451495225263,0.2131071979769646
