,time (s),mean_local,std_local,collision_flag,dmin,reward
0,14.0,5.78022997032641,2.682941929148834,Reaching goal,0.6668651433877841,0.23487376243593935
