,time (s),mean_local,std_local,collision_flag,dmin,reward
0,12.0,5.803860294117647,2.7025899524475596,Reaching goal,0.41742078368215424,0.2682731812685794
