,time (s),mean_local,std_local,collision_flag,dmin,reward
0,10.5,5.621308627678054,2.567258077667464,Reaching goal,0.8881358721674741,0.3387683996166839
