,time (s),mean_local,std_local,collision_flag,dmin,reward
0,11.75,5.752160387141376,2.6839062156388955,Reaching goal,1.3017453564489903,0.29770687126185896
