,time (s),mean_local,std_local,collision_flag,dmin,reward
0,13.75,5.764369545591333,2.6541266000489836,Reaching goal,0.8400261347481295,0.24114256572210577
