,time (s),mean_local,std_local,collision_flag,dmin,reward
0,10.5,5.757774140752864,2.637019978889803,Reaching goal,0.3402809588460874,0.3245132033142821
