,time (s),mean_local,std_local,collision_flag,dmin,reward
0,18.75,5.747652582159624,2.6182694409125156,Reaching goal,0.6884868727545834,0.14020198725020322
