,time (s),mean_local,std_local,collision_flag,dmin,reward
0,3.75,5.7063118228921335,2.6405284856893343,Collision,0.42465344478807304,-0.17846101289014457
