,time (s),mean_local,std_local,collision_flag,dmin,reward
0,16.75,5.8450244698205545,2.669774423520539,Reaching goal,0.39577057447565217,0.1726427606668263
