,time (s),mean_local,std_local,collision_flag,dmin,reward
0,12.0,5.769870609981516,2.6860868647524687,Reaching goal,1.397538227335913,0.26480568938319377
