,time (s),mean_local,std_local,collision_flag,dmin,reward
0,10.5,5.873134328358209,2.6968162120018917,Reaching goal,0.6771989131528777,0.339272760189227
