,time (s),mean_local,std_local,collision_flag,dmin,reward
0,10.25,5.774373259052925,2.6856634234569636,Reaching goal,0.5835758117436947,0.3486784401000001
