,time (s),mean_local,std_local,collision_flag,dmin,reward
0,11.25,5.750079491255962,2.6633926796509337,Reaching goal,1.1747435339945427,0.31381059609000006
