,time (s),mean_local,std_local,collision_flag,dmin,reward
0,12.25,5.761202495745888,2.644192927864169,Reaching goal,1.1243923871333206,0.2729293634023238
