,time (s),mean_local,std_local,collision_flag,dmin,reward
0,4.0,5.7913328477785875,2.655878453079114,Collision,0.239150649195693,-0.18976324718205279
