,time (s),mean_local,std_local,collision_flag,dmin,reward
0,12.75,5.778660150682142,2.6970274663231186,Reaching goal,0.6565834584904648,0.24956424522965523
