,time (s),mean_local,std_local,collision_flag,dmin,reward
0,11.25,5.735608646188851,2.6765223410783574,Reaching goal,1.5683334614896167,0.31381059609000006
