,time (s),mean_local,std_local,collision_flag,dmin,reward
0,19.0,5.823859087269816,2.6521361692733243,Reaching goal,0.6670341859019393,0.12462778117417586
