,time (s),mean_local,std_local,collision_flag,dmin,reward
0,5.75,6.863636363636363,4.304283854967308,Collision,0.19283233775431463,-0.2091397285285767
