,time (s),mean_local,std_local,collision_flag,dmin,reward
0,13.5,5.75,2.6561922262624638,Reaching goal,0.505672072766872,0.2475786839702887
