,time (s),mean_local,std_local,collision_flag,dmin,reward
0,15.0,5.831446540880503,2.6845502150649025,Reaching goal,0.4419250906158219,0.204822678857133
