,time (s),mean_local,std_local,collision_flag,dmin,reward
0,8.25,2.4545454545454546,1.776801844153824,Reaching goal,0.15931314859068535,0.28554552054190874
