,time (s),mean_local,std_local,collision_flag,dmin
0,13.5,3.425925925925926,1.9870120118544254,Reaching goal,0.6638503809377891
