,time (s),mean_local,std_local,collision_flag,dmin,reward
0,17.75,12.957671957671957,4.810516134438156,Reaching goal,0.13742066687432541,0.13400658898148515
