,time (s),mean_local,std_local,collision_flag,dmin,reward
0,15.25,12.71027397260274,4.4625876984138815,Reaching goal,0.09510405647065279,0.16217903951475388
