,time (s),mean_local,std_local,collision_flag,dmin,reward
0,20.25,12.354709418837675,4.555649322240016,Reaching goal,0.5988195492956567,0.09608215858824921
