,time (s),mean_local,std_local,collision_flag,dmin,reward
0,21.0,12.847343991748325,4.403853030818437,Reaching goal,0.14233897117004113,0.08554672685024907
