,time (s),mean_local,std_local,collision_flag,dmin,reward
0,23.75,12.677927131234524,4.84292549624889,Reaching goal,0.4724735809975196,0.059932791824879074
