,time (s),mean_local,std_local,collision_flag,dmin,reward
0,20.0,12.650485436893204,4.921001771272489,Collision,0.5302376274836327,-0.05305836061068235
