,time (s),mean_local,std_local,collision_flag,dmin,reward
0,15.5,12.633859320673977,4.917118723587709,Reaching goal,0.7149901821565374,0.10437331599353065
