,time (s),mean_local,std_local,collision_flag,dmin,reward
0,22.5,12.736889692585896,4.736113698606956,Reaching goal,0.4228889839496071,0.03561398190797472
