,time (s),mean_local,std_local,collision_flag,dmin,reward
0,19.5,12.826335099877701,5.013313654706631,Reaching goal,0.24987750922967816,0.11407142659798788
