,time (s),mean_local,std_local,collision_flag,dmin,reward
0,18.25,12.094890510948906,4.288642634324578,Reaching goal,0.013744451479558939,0.09865979800908473
