,time (s),mean_local,std_local,collision_flag,dmin,reward
0,18.75,13.096609085092771,4.822532686787285,Reaching goal,0.21303087066078646,0.12081425148318661
