,time (s),mean_local,std_local,collision_flag,dmin,reward
0,18.5,12.809656130600903,4.970202686815382,Reaching goal,0.10125422705593023,0.13444875248057633
