,time (s),mean_local,std_local,collision_flag,dmin,reward
0,20.25,12.698692992213571,4.8515800740561525,Collision,0.07557046530079115,-0.05446372659050881
