,time (s),mean_local,std_local,collision_flag,dmin,reward
0,17.75,12.875984251968504,4.752576385389781,Reaching goal,0.23967677166117723,0.13698295308634137
