,time (s),mean_local,std_local,collision_flag,dmin,reward
0,17.0,12.707004830917874,4.879306517504727,Reaching goal,0.27582930390008903,0.16072958057104617
