,time (s),mean_local,std_local,collision_flag,dmin,reward
0,16.0,11.765625,3.621732093815748,Reaching goal,0.1060093237056986,0.18694561888936476
