,time (s),mean_local,std_local,collision_flag,dmin,reward
0,16.25,12.551000953288847,4.366821943755469,Reaching goal,0.018995857782056702,0.12672893560212484
