,time (s),mean_local,std_local,collision_flag,dmin,reward
0,19.75,12.711780042664138,4.872771539134099,Reaching goal,0.04784568310876769,0.10158849932767383
