,time (s),mean_local,std_local,collision_flag,dmin,reward
0,15.75,12.86734693877551,4.397675070135427,Collision,0.05334563552213489,-0.1572659887627355
