,time (s),mean_local,std_local,collision_flag,dmin,reward
0,18.75,12.805065234075212,4.707441453888949,Reaching goal,0.2172870099741145,0.13469755159950228
