,time (s),mean_local,std_local,collision_flag,dmin,reward
0,23.5,12.760748276993764,4.961439278653175,Reaching goal,0.12744350738925025,0.07297955154593277
