,time (s),mean_local,std_local,collision_flag,dmin,reward
0,17.5,12.55674709562109,4.342378669653255,Reaching goal,0.28874983231971735,0.11040591223913776
