,time (s),mean_local,std_local,collision_flag,dmin,reward
0,14.75,13.122645842903077,4.74534094743151,Reaching goal,0.050297910970926174,0.16720017305722618
