,time (s),mean_local,std_local,collision_flag,dmin,reward
0,24.75,12.903708987161199,4.677014598937889,Reaching goal,0.1442804509737472,0.001496876838639069
