,time (s),mean_local,std_local,collision_flag,dmin,reward
0,19.0,12.665650406504065,4.355750215843998,Reaching goal,0.19516120593014152,0.11173766306323625
