,time (s),mean_local,std_local,collision_flag,dmin,reward
0,18.75,12.287735849056604,4.404890139126224,Reaching goal,0.009885389865676109,0.10993570369103228
