,time (s),mean_local,std_local,collision_flag,dmin,reward
0,17.0,12.711157024793389,4.861544385563993,Reaching goal,0.9219141234776109,0.1505611323401915
