,time (s),mean_local,std_local,collision_flag,dmin,reward
0,18.5,12.557103064066853,4.293734304991042,Reaching goal,0.24414740670669716,0.1277519867396305
