,time (s),mean_local,std_local,collision_flag,dmin,reward
0,30.25,12.685557586837295,4.8590729752888775,Reaching goal,0.009540137021049833,0.03559469513738217
