,time (s),mean_local,std_local,collision_flag,dmin,reward
0,19.0,12.637318153067678,4.87912320833163,Reaching goal,0.6266113882177977,0.1307588639684038
