,time (s),mean_local,std_local,collision_flag,dmin,reward
0,19.0,12.641283655153657,4.8920312601958775,Reaching goal,0.4782969125527788,0.1003893362514724
