,time (s),mean_local,std_local,collision_flag,dmin,reward
0,21.0,12.696511268910157,4.948473950192406,Reaching goal,0.006336229610863997,0.08621813608179824
