,time (s),mean_local,std_local,collision_flag,dmin,reward
0,20.0,12.729058116232466,4.855624727841363,Reaching goal,0.047699718257608326,0.07930532616269872
