,time (s),mean_local,std_local,collision_flag,dmin,reward
0,21.0,12.95537757437071,4.86255713882889,Reaching goal,0.020565353255725505,0.10369300081340484
