,time (s),mean_local,std_local,collision_flag,dmin,reward
0,17.5,12.862533692722373,4.42742896872706,Reaching goal,0.417052567148903,0.03328359548542034
