,time (s),mean_local,std_local,collision_flag,dmin,reward
0,18.5,12.753471046393498,4.952962865999743,Reaching goal,0.007614936047227405,0.13967585410123204
