,time (s),mean_local,std_local,collision_flag,dmin,reward
0,27.0,12.656101426307448,4.9688688553112,Reaching goal,0.12428739802730149,0.05154803205346341
