,time (s),mean_local,std_local,collision_flag,dmin,reward
0,16.5,11.938053097345133,4.665096379837063,Reaching goal,0.14379136447718488,0.15062055442252884
