,time (s),mean_local,std_local,collision_flag,dmin,reward
0,15.75,13.161160714285714,4.751917892045521,Reaching goal,0.2739525279154698,0.1412787002112714
