,time (s),mean_local,std_local,collision_flag,dmin,reward
0,18.5,12.735811577752553,4.912776105548519,Reaching goal,0.6193553031408119,0.10087797945037741
