,time (s),mean_local,std_local,collision_flag,dmin,reward
0,10.25,12.667560321715818,4.460263684531226,Reaching goal,0.35882148792269014,0.2091529184826865
