,time (s),mean_local,std_local,collision_flag,dmin,reward
0,18.0,13.040600667408231,4.808689075952774,Reaching goal,0.22004499049651455,0.13934944692100945
