,time (s),mean_local,std_local,collision_flag,dmin,reward
0,15.25,12.219780219780219,4.588891343366115,Reaching goal,0.26988293003425895,0.19107005461816048
