,time (s),mean_local,std_local,collision_flag,dmin,reward
0,14.25,13.12414467253177,4.778907880917938,Reaching goal,1.0587412396988078,0.22532967784477625
