,time (s),mean_local,std_local,collision_flag,dmin,reward
0,13.75,12.822625698324023,4.5064313854718,Reaching goal,0.0058468892845251474,0.18357794130553362
