,time (s),mean_local,std_local,collision_flag,dmin,reward
0,23.0,12.984936268829664,4.757357438027685,Reaching goal,0.46095532297130687,0.07375341082490229
