,time (s),mean_local,std_local,collision_flag,dmin,reward
0,18.5,12.729076165653055,4.849637482397753,Reaching goal,0.023798297741826624,0.07405508047603492
