,time (s),mean_local,std_local,collision_flag,dmin,reward
0,20.75,12.70981971614883,4.852839306487115,Reaching goal,0.04622875415485961,0.0650999072555028
