,time (s),mean_local,std_local,collision_flag,dmin,reward
0,19.0,12.638260869565217,4.602977913381457,Reaching goal,0.01722856528694716,0.12896863421523527
