,time (s),mean_local,std_local,collision_flag,dmin,reward
0,17.5,12.795008912655971,4.9917982686960904,Collision,0.002480497680100835,-0.08970645533606014
