,time (s),mean_local,std_local,collision_flag,dmin,reward
0,17.25,12.725316455696202,4.850341717165246,Collision,0.11445892017475823,-0.06379713926423139
