,time (s),mean_local,std_local,collision_flag,dmin,reward
0,13.5,12.66911507520112,4.465678170044514,Reaching goal,0.10633713168028536,0.2272895378878963
