,time (s),mean_local,std_local,collision_flag,dmin,reward
0,20.5,12.798951048951048,4.3644862422102975,Reaching goal,0.3721764954913012,0.08067026248754366
