,time (s),mean_local,std_local,collision_flag,dmin,reward
0,5.25,12.544927536231883,4.6480644633673665,Collision,0.06056248830457456,-0.17240877779902425
