,time (s),mean_local,std_local,collision_flag,dmin,reward
0,15.0,12.64226100151745,4.9846369486680695,Reaching goal,1.3007295548568147,0.20544904698940222
