,time (s),mean_local,std_local,collision_flag,dmin,reward
0,16.75,12.726669941060903,4.885194334391853,Reaching goal,0.038861480531450776,0.041112051648156345
