,time (s),mean_local,std_local,collision_flag,dmin,reward
0,31.75,12.733623188405797,4.925067488984948,Collision,0.5896309639681332,-0.019742663933412702
