,time (s),mean_local,std_local,collision_flag,dmin,reward
0,21.5,13.049731182795698,4.7578684046213695,Reaching goal,0.07034139432911157,0.09025831090778799
