,time (s),mean_local,std_local,collision_flag,dmin,reward
0,15.0,12.43560606060606,4.527234632816079,Collision,0.02289874337758624,-0.13596503038573315
