,time (s),mean_local,std_local,collision_flag,dmin,reward
0,12.75,12.82857142857143,4.404450439438431,Reaching goal,0.02655529939329815,0.25909770942602384
