,time (s),mean_local,std_local,collision_flag,dmin,reward
0,16.5,12.522620904836193,4.654677749976989,Collision,0.42699348419123156,-0.06608777384048117
