,time (s),mean_local,std_local,collision_flag,dmin,reward
0,19.0,12.733153274814315,4.872398952861426,Reaching goal,0.34773179666724646,0.12866364509953962
