,time (s),mean_local,std_local,collision_flag,dmin,reward
0,20.5,12.629678094739598,4.912183404616583,Reaching goal,0.10181701115052111,0.11275417648337095
