,time (s),mean_local,std_local,collision_flag,dmin,reward
0,16.0,12.753309265944646,4.42385708535606,Reaching goal,0.2628846426625811,0.1513375320100871
