,time (s),mean_local,std_local,collision_flag,dmin,reward
0,17.5,12.698755186721991,4.849233000290232,Reaching goal,0.056401356665170654,0.06661013437347181
