,time (s),mean_local,std_local,collision_flag,dmin,reward
0,15.0,12.564814814814815,4.522112641618321,Reaching goal,0.44535211726894236,0.18743994792001753
