,time (s),mean_local,std_local,collision_flag,dmin,reward
0,30.5,12.749185667752442,4.665413422061569,Reaching goal,0.7213599568999192,0.035001797250146675
