,time (s),mean_local,std_local,collision_flag,dmin,reward
0,19.75,12.210526315789474,4.70708355653043,Reaching goal,0.7243895256329802,-0.019791510038068505
