,time (s),mean_local,std_local,collision_flag,dmin,reward
0,20.5,13.079255319148936,4.787460957979065,Reaching goal,0.02783788815017596,0.058865023984203006
