,time (s),mean_local,std_local,collision_flag,dmin,reward
0,30.75,12.649068322981366,4.996534426463514,Reaching goal,0.7994962610501117,0.035886295689980925
