,time (s),mean_local,std_local,collision_flag,dmin,reward
0,24.75,12.727239488117002,4.977702408179949,Reaching goal,0.15854269824894363,0.07132549250616675
