,time (s),mean_local,std_local,collision_flag,dmin,reward
0,17.75,13.03610771113831,4.803155177627404,Reaching goal,0.031259164665888184,0.12512442023030373
