,time (s),mean_local,std_local,collision_flag,dmin,reward
0,21.0,12.655732771591936,4.946179133439526,Reaching goal,0.05687045166704163,0.06450703526990706
