,time (s),mean_local,std_local,collision_flag,dmin,reward
0,27.25,13.162393162393162,4.77237246750511,Reaching goal,0.02275691856893003,-0.02783859457436324
