,time (s),mean_local,std_local,collision_flag,dmin,reward
0,19.25,12.645879442780888,4.899441767132529,Reaching goal,0.4088806056884003,0.05196251385105276
