,time (s),mean_local,std_local,collision_flag,dmin,reward
0,19.0,12.822773460848774,4.450763538271303,Reaching goal,0.17508348045955402,0.10098988182668418
