,time (s),mean_local,std_local,collision_flag,dmin,reward
0,19.25,12.688419883365732,4.901937772033952,Collision,0.03534318842948436,-0.0680997018283482
