,time (s),mean_local,std_local,collision_flag,dmin,reward
0,21.25,12.66973886328725,4.905715318783844,Reaching goal,0.06571789000591366,0.09107184284059669
