,time (s),mean_local,std_local,collision_flag,dmin,reward
0,17.5,12.6399652260308,4.872100627998377,Reaching goal,0.10466936954900263,0.06049776690987614
