,time (s),mean_local,std_local,collision_flag,dmin,reward
0,18.0,13.128895184135978,4.769364960050563,Reaching goal,0.8847297471844908,0.1407897380889607
