,time (s),mean_local,std_local,collision_flag,dmin,reward
0,33.75,12.799157894736842,5.035754198080989,Reaching goal,0.16174515388692057,0.02520730390359174
