,time (s),mean_local,std_local,collision_flag,dmin,reward
0,16.5,9.197339246119734,4.255539446445744,Reaching goal,0.012202055428892633,0.17887267596648215
