,time (s),mean_local,std_local,collision_flag,dmin,reward
0,15.25,9.249490142760028,4.1368859506722595,Reaching goal,0.4685510795041746,0.19212659548327105
