,time (s),mean_local,std_local,collision_flag,dmin,reward
0,16.5,9.599032017870439,3.8795700590855575,Reaching goal,0.1779504640289622,0.17495586991600706
