,time (s),mean_local,std_local,collision_flag,dmin,reward
0,18.75,9.088963079340141,4.048233826996639,Reaching goal,0.02551321774759474,0.12411635930192343
