,time (s),mean_local,std_local,collision_flag,dmin,reward
0,16.25,9.17430894308943,4.027933780327143,Collision,0.2043858297990449,-0.06438197321641936
