,time (s),mean_local,std_local,collision_flag,dmin,reward
0,15.0,9.11959573273442,4.143246814467684,Reaching goal,0.031189852324924883,0.2055974944900116
