,time (s),mean_local,std_local,collision_flag,dmin,reward
0,17.75,9.135555555555555,4.071344607568886,Reaching goal,0.9833782881568081,0.1236143031447062
