,time (s),mean_local,std_local,collision_flag,dmin,reward
0,15.5,9.184803605924017,4.020189018655446,Reaching goal,0.3317586722372315,0.19329625698672429
