,time (s),mean_local,std_local,collision_flag,dmin,reward
0,14.0,9.542372881355933,3.8119883770000165,Reaching goal,0.0219315705684916,0.20560531058309803
