,time (s),mean_local,std_local,collision_flag,dmin,reward
0,14.25,9.188428217821782,4.023840126195864,Reaching goal,0.09483060001101717,0.20193958356085817
