,time (s),mean_local,std_local,collision_flag,dmin,reward
0,17.5,9.125233011354007,4.018565051669245,Reaching goal,0.7228429116821145,0.14536907741333444
