,time (s),mean_local,std_local,collision_flag,dmin,reward
0,15.5,9.131797235023042,4.155223943093573,Reaching goal,0.08739673039530604,0.1718523536544179
