,time (s),mean_local,std_local,collision_flag,dmin,reward
0,14.75,9.675582728314865,3.896422123374579,Reaching goal,0.13851263542377357,0.14304185171755557
