,time (s),mean_local,std_local,collision_flag,dmin,reward
0,17.5,9.052283653846153,4.102242828896505,Collision,0.6616492899683692,-0.0851528038215964
