,time (s),mean_local,std_local,collision_flag,dmin,reward
0,18.25,9.17623716153128,4.084881971897512,Reaching goal,0.1425069668505866,0.13169942033216592
