,time (s),mean_local,std_local,collision_flag,dmin,reward
0,15.25,9.167370325693607,4.173416267056318,Collision,0.40911493575438024,-0.07641227965173601
