,time (s),mean_local,std_local,collision_flag,dmin,reward
0,16.0,9.113022113022113,4.042965540332044,Reaching goal,0.12281962831922022,0.18205192240700563
