,time (s),mean_local,std_local,collision_flag,dmin,reward
0,14.75,9.48829953198128,4.21981105936501,Reaching goal,0.14817198974103807,0.21186359596489882
