,time (s),mean_local,std_local,collision_flag,dmin,reward
0,12.75,9.632250580046403,3.923636422646323,Reaching goal,0.07464933241380012,0.2437495671550729
