,time (s),mean_local,std_local,collision_flag,dmin,reward
0,16.25,9.215550156195766,4.13890806826766,Reaching goal,0.37329661940594355,0.16183337716952445
