,time (s),mean_local,std_local,collision_flag,dmin,reward
0,16.25,9.121172516803584,4.047938074880183,Reaching goal,0.5277624884715839,0.17028220078781797
