,time (s),mean_local,std_local,collision_flag,dmin,reward
0,20.25,9.032916392363397,4.176989080079483,Reaching goal,0.0018417756402326901,0.07914037314756905
