,time (s),mean_local,std_local,collision_flag,dmin,reward
0,15.25,9.136095700416089,4.011905066163974,Reaching goal,0.06935098632804648,0.19809330766270428
