,time (s),mean_local,std_local,collision_flag,dmin,reward
0,12.25,9.676272455089821,3.90584237627214,Reaching goal,0.2325520035638991,0.25339392938544153
