,time (s),mean_local,std_local,collision_flag,dmin,reward
0,12.0,9.652313452794864,3.903969201361105,Reaching goal,0.035863888591444515,0.2675207848274667
