,time (s),mean_local,std_local,collision_flag,dmin,reward
0,9.75,9.664274061990213,3.948259905804167,Reaching goal,0.9321333976977411,0.30790879590630027
