,time (s),mean_local,std_local,collision_flag,dmin,reward
0,16.5,9.223950795947902,4.119259346112018,Reaching goal,0.5496639274947064,0.1656298983987056
