,time (s),mean_local,std_local,collision_flag,dmin,reward
0,19.25,9.652719665271967,3.8365356577350003,Reaching goal,0.1335295558244397,0.1238924903442565
