,time (s),mean_local,std_local,collision_flag,dmin,reward
0,13.25,9.548480463096961,3.82046294979127,Reaching goal,0.6803796548637169,0.2075245194321081
