,time (s),mean_local,std_local,collision_flag,dmin,reward
0,13.25,9.628696604600218,3.8860825077426915,Reaching goal,0.06020236256010458,0.205105999486747
