,time (s),mean_local,std_local,collision_flag,dmin,reward
0,21.75,9.209785025945145,4.1396696685732675,Reaching goal,0.04626270870784621,0.09292084861834507
