,time (s),mean_local,std_local,collision_flag,dmin,reward
0,11.25,9.617564730580826,3.8673327383263802,Reaching goal,0.1492617411261442,0.3082345296904223
