,time (s),mean_local,std_local,collision_flag,dmin,reward
0,16.5,9.137734504868202,4.07633508372858,Reaching goal,0.32927938345687574,0.13374373139688991
