,time (s),mean_local,std_local,collision_flag,dmin,reward
0,14.75,9.701979780960404,3.9210108804721195,Reaching goal,0.4600107579528692,0.18011257992006455
