,time (s),mean_local,std_local,collision_flag,dmin,reward
0,14.25,9.05055200464846,4.088830747655429,Reaching goal,0.07670447969574756,0.2178170448277708
