,time (s),mean_local,std_local,collision_flag,dmin,reward
0,13.75,8.801948051948052,3.701052338576937,Reaching goal,0.09969758941292761,0.2404747419940435
