,time (s),mean_local,std_local,collision_flag,dmin,reward
0,16.5,9.539297124600639,3.8673560679675467,Reaching goal,0.17334308959894618,0.09468457724147203
