,time (s),mean_local,std_local,collision_flag,dmin,reward
0,17.0,9.120234604105573,4.137331078045331,Reaching goal,0.397776919430938,0.16375660913906107
