,time (s),mean_local,std_local,collision_flag,dmin,reward
0,13.0,9.212002840909092,4.106814005128452,Reaching goal,0.0708028134389791,0.2294838647364037
