,time (s),mean_local,std_local,collision_flag,dmin,reward
0,18.25,9.137511992324912,4.192935331908858,Reaching goal,0.1330428180735158,0.12959454465631218
