,time (s),mean_local,std_local,collision_flag,dmin,reward
0,17.5,9.035532994923859,3.3453894851402532,Reaching goal,0.637661391165566,0.1468962131923347
