,time (s),mean_local,std_local,collision_flag,dmin,reward
0,17.25,9.127659574468085,4.090963537885052,Reaching goal,0.03797254326344046,0.13942517106712146
