,time (s),mean_local,std_local,collision_flag,dmin,reward
0,16.5,9.497575169738118,4.319641821772243,Reaching goal,0.17067471162179326,0.1640520604895043
