,time (s),mean_local,std_local,collision_flag,dmin,reward
0,12.75,9.067787703625854,4.148976624937606,Reaching goal,0.09425278355040001,0.26336642724560405
