,time (s),mean_local,std_local,collision_flag,dmin,reward
0,21.25,9.133518776077885,4.2061254420604755,Reaching goal,0.1147415703786191,0.09255112472294734
