,time (s),mean_local,std_local,collision_flag,dmin,reward
0,15.5,9.117249955587138,4.011190046678034,Reaching goal,0.26148984191056895,0.17518133944179629
