,time (s),mean_local,std_local,collision_flag,dmin,reward
0,15.0,9.137606837606837,4.138160122753672,Reaching goal,0.2688769952600774,0.20645435049725883
