,time (s),mean_local,std_local,collision_flag,dmin,reward
0,17.75,9.465116279069768,4.31069790861612,Reaching goal,0.015383287260270606,0.1277269387311428
