,time (s),mean_local,std_local,collision_flag,dmin,reward
0,14.0,9.577883472057074,3.850940756202917,Reaching goal,1.0292978063617912,0.18908156739666468
