,time (s),mean_local,std_local,collision_flag,dmin,reward
0,17.25,9.136902242911553,4.052355841329321,Reaching goal,0.36651128006991335,0.15925378529391154
