,time (s),mean_local,std_local,collision_flag,dmin,reward
0,14.0,9.197776748494674,4.192593069984612,Reaching goal,0.023878877341517835,0.18464822810697806
