,time (s),mean_local,std_local,collision_flag,dmin,reward
0,20.0,9.169564235719124,4.072044173114155,Reaching goal,0.7180767824206562,0.11413050977679813
