,time (s),mean_local,std_local,collision_flag,dmin,reward
0,16.75,9.1972731146144,4.1820350741845855,Reaching goal,0.4711916754028563,0.16572315107019714
