,time (s),mean_local,std_local,collision_flag,dmin,reward
0,13.25,9.178866864367098,4.0182007209034385,Reaching goal,0.4022680590681203,0.25241666716097927
