,time (s),mean_local,std_local,collision_flag,dmin,reward
0,17.75,9.126889848812095,4.16267359398617,Reaching goal,0.5900472329967841,0.12302802241713555
