,time (s),mean_local,std_local,collision_flag,dmin,reward
0,18.25,9.260436614324014,4.148382596886314,Reaching goal,0.44175027561439967,0.10875851033152417
