,time (s),mean_local,std_local,collision_flag,dmin,reward
0,19.5,9.113719992991063,3.998142106739803,Reaching goal,0.16231493917681528,0.1266346148312071
