,time (s),mean_local,std_local,collision_flag,dmin,reward
0,16.75,9.20796460176991,3.695983028562162,Reaching goal,0.046424117780472285,0.16837614588760536
