,time (s),mean_local,std_local,collision_flag,dmin,reward
0,20.0,9.094485360158075,4.008798942332048,Reaching goal,0.41877403386208606,0.10941191003449041
