,time (s),mean_local,std_local,collision_flag,dmin,reward
0,17.25,9.151266586248493,4.08516560371205,Reaching goal,0.02286056716822038,0.16544397649866788
