,time (s),mean_local,std_local,collision_flag,dmin,reward
0,16.25,9.19043122442556,4.023138502292904,Reaching goal,0.04134792649139607,0.16141471356419623
