,time (s),mean_local,std_local,collision_flag,dmin,reward
0,13.75,9.209471766848816,4.029545726462198,Collision,0.6834655863659578,-0.07581036201345316
