,time (s),mean_local,std_local,collision_flag,dmin,reward
0,16.0,9.6777147841256,3.9066646190161585,Reaching goal,0.4601040590869621,0.16314361304973285
