,time (s),mean_local,std_local,collision_flag,dmin,reward
0,19.25,9.197964700270314,4.01544430463345,Reaching goal,0.2613652560705411,0.11972528917863622
