,time (s),mean_local,std_local,collision_flag,dmin,reward
0,14.0,9.126482213438734,3.5586295321256523,Reaching goal,0.12177873893553337,0.22901863018521312
