,time (s),mean_local,std_local,collision_flag,dmin,reward
0,13.75,9.074606566932193,4.044135540138279,Reaching goal,0.11933765363661786,0.23926553318401977
