,time (s),mean_local,std_local,collision_flag,dmin,reward
0,17.0,8.073529411764707,2.707919629480015,Reaching goal,0.07322485695241832,0.13287265270212992
