,time (s),mean_local,std_local,collision_flag,dmin,reward
0,15.5,9.514935988620199,4.239889349471315,Reaching goal,0.056953042583135494,0.19040199670491542
