,time (s),mean_local,std_local,collision_flag,dmin,reward
0,13.75,9.593095422808378,3.8404040538148836,Reaching goal,0.11289309858094232,0.2148540931575165
