,time (s),mean_local,std_local,collision_flag,dmin,reward
0,15.5,9.220423412204234,4.179649603080719,Reaching goal,0.49362499745109184,0.17195288432386202
