,time (s),mean_local,std_local,collision_flag,dmin,reward
0,16.75,9.11007836704939,4.0232491982056535,Reaching goal,0.15842344823265786,0.14975433131175891
