,time (s),mean_local,std_local,collision_flag,dmin,reward
0,16.25,9.14463768115942,4.155137410208062,Reaching goal,0.7157214045970737,0.17419528357250458
