,time (s),mean_local,std_local,collision_flag,dmin,reward
0,17.0,9.089894359178793,4.050421142293759,Reaching goal,0.7874517470429829,0.16016985849562418
