,time (s),mean_local,std_local,collision_flag,dmin,reward
0,11.75,9.763440860215054,3.9377800991993053,Collision,0.35704910899930226,-0.12653889353159412
