,time (s),mean_local,std_local,collision_flag,dmin,reward
0,17.0,9.246153846153845,3.693677630474785,Reaching goal,0.36409622368608235,0.14743611676287197
