,time (s),mean_local,std_local,collision_flag,dmin,reward
0,12.25,9.69730312837109,3.907018448687295,Reaching goal,0.0005899011688279554,0.2069628342621727
