,time (s),mean_local,std_local,collision_flag,dmin,reward
0,29.25,9.113974495217853,4.0919332056626425,Reaching goal,1.2634591489426472,0.039084428617840124
