,time (s),mean_local,std_local,collision_flag,dmin,reward
0,16.25,9.094354215003866,4.089343363670193,Reaching goal,0.12571552281571896,0.17130908416568794
