,time (s),mean_local,std_local,collision_flag,dmin,reward
0,14.25,9.230890464933019,4.156829910457214,Reaching goal,0.2664536322473557,0.20444423474014822
