,time (s),mean_local,std_local,collision_flag,dmin,reward
0,12.0,9.51123595505618,3.802669134700314,Reaching goal,0.6916978098025264,0.2683214120339818
