,time (s),mean_local,std_local,collision_flag,dmin,reward
0,18.75,9.075328614762386,4.154484951900956,Reaching goal,0.7650705951988908,0.1261445924202614
