,time (s),mean_local,std_local,collision_flag,dmin,reward
0,20.0,9.105796824182132,4.039372287661699,Reaching goal,0.6508039120647706,0.0719217306664667
