,time (s),mean_local,std_local,collision_flag,dmin,reward
0,14.25,9.175877192982457,4.168936570070276,Reaching goal,0.03142329378685582,0.21600777144934274
