,time (s),mean_local,std_local,collision_flag,dmin,reward
0,15.75,9.39086859688196,4.300490095146953,Reaching goal,0.5186686568933692,0.1951342713917833
