,time (s),mean_local,std_local,collision_flag,dmin,reward
0,12.5,9.11116937598322,4.094481436522589,Collision,0.11048788675023524,-0.08340576981077294
