,time (s),mean_local,std_local,collision_flag,dmin,reward
0,16.75,9.489119170984456,4.356774933959352,Reaching goal,1.0198760517257253,0.17393019621417738
