,time (s),mean_local,std_local,collision_flag,dmin,reward
0,19.25,8.92987012987013,3.624987771947667,Reaching goal,0.5758388710046529,0.020079143577169833
