,time (s),mean_local,std_local,collision_flag,dmin,reward
0,19.25,9.237557569454761,4.053261972437779,Reaching goal,0.10797096324338096,0.11066021169295766
