,time (s),mean_local,std_local,collision_flag,dmin,reward
0,15.25,9.682220256523662,3.9101007369126775,Reaching goal,0.11071248859169902,0.16947263822764916
