,time (s),mean_local,std_local,collision_flag,dmin,reward
0,14.0,9.653291686689093,3.9123229672989264,Reaching goal,0.3435217139869338,0.22212888506023035
