,time (s),mean_local,std_local,collision_flag,dmin,reward
0,15.25,9.106692803136376,4.142259891629518,Reaching goal,0.68327651537689,0.1963360352862377
