,time (s),mean_local,std_local,collision_flag,dmin,reward
0,18.0,9.219266424828698,4.1690747929413225,Reaching goal,0.15449423973865883,0.1435848176572098
