,time (s),mean_local,std_local,collision_flag,dmin,reward
0,18.0,9.365190365190365,4.215850555218013,Reaching goal,0.024537099337373025,0.1438456757103568
