,time (s),mean_local,std_local,collision_flag,dmin,reward
0,17.25,9.20128577988673,4.025639341860822,Reaching goal,0.08340503341917971,0.10368688778758944
