,time (s),mean_local,std_local,collision_flag,dmin,reward
0,12.5,9.658478605388273,3.916502154667318,Reaching goal,0.12338710786113638,0.2538660503238391
