,time (s),mean_local,std_local,collision_flag,dmin,reward
0,18.0,9.117517173699705,4.082764620507358,Reaching goal,0.18198254396391034,0.14400923092601714
