,time (s),mean_local,std_local,collision_flag,dmin,reward
0,18.75,9.051442910915934,4.125066569654466,Reaching goal,0.17504978861368614,0.1390383666071533
