,time (s),mean_local,std_local,collision_flag,dmin,reward
0,15.25,9.149949681314995,4.0325317700548755,Reaching goal,0.3344549008586351,0.17745122284130135
