,time (s),mean_local,std_local,collision_flag,dmin,reward
0,24.0,9.147302001740645,4.062963879783996,Reaching goal,0.006573620332459007,0.054366184976304174
