,time (s),mean_local,std_local,collision_flag,dmin,reward
0,17.75,9.6660983925962,3.9127484972571973,Reaching goal,0.011536779077999548,0.14738663893568565
