,time (s),mean_local,std_local,collision_flag,dmin,reward
0,15.5,9.411522633744855,4.24246984155263,Reaching goal,0.1731946580178534,0.19134525401742042
