,time (s),mean_local,std_local,collision_flag,dmin,reward
0,14.25,9.165953399904899,4.1457677841311495,Reaching goal,0.021054505438343085,0.2215299678841666
