,time (s),mean_local,std_local,collision_flag,dmin,reward
0,15.25,9.14411422878964,4.023319639473087,Collision,0.2511623784606694,-0.0768566759120026
