,time (s),mean_local,std_local,collision_flag,dmin,reward
0,16.0,9.676341856715043,3.925893237494574,Reaching goal,0.31253510299256165,0.18623570571915699
