,time (s),mean_local,std_local,collision_flag,dmin,reward
0,16.25,9.67083903774692,3.9176697837397616,Reaching goal,0.03207524942471385,0.15884728513203028
