,time (s),mean_local,std_local,collision_flag,dmin,reward
0,15.0,9.3987167736022,4.285584110394076,Reaching goal,0.10015569473137398,0.18935059766195922
