,time (s),mean_local,std_local,collision_flag,dmin,reward
0,16.5,9.229936880072136,4.040562976794866,Reaching goal,0.261969310889213,0.1722436662541704
