,time (s),mean_local,std_local,collision_flag,dmin,reward
0,16.25,9.155897907564958,4.069478824451677,Collision,0.5203950775599298,-0.057678968855935195
