,time (s),mean_local,std_local,collision_flag,dmin,reward
0,15.5,9.670144927536231,3.907874804320423,Reaching goal,0.6397559345615711,0.1894883141104263
