,time (s),mean_local,std_local,collision_flag,dmin,reward
0,28.0,9.151604453176162,4.193924221142392,Reaching goal,0.9015767768877014,0.03062070159251379
