,time (s),mean_local,std_local,collision_flag,dmin,reward
0,13.75,9.62335266209805,3.8934399687463332,Reaching goal,0.008886263363480196,0.21206019965106118
