,time (s),mean_local,std_local,collision_flag,dmin,reward
0,12.75,9.592749529190208,3.854506029814267,Reaching goal,0.16796420446015903,0.2441862427547659
