,time (s),mean_local,std_local,collision_flag,dmin,reward
0,15.5,9.410234171725932,4.254374743148232,Reaching goal,0.8390812318214744,0.06346239959012914
