,time (s),mean_local,std_local,collision_flag,dmin,reward
0,21.75,9.099590163934426,4.033405569462623,Reaching goal,0.0876185868549052,0.09580230346339688
