,time (s),mean_local,std_local,collision_flag,dmin,reward
0,15.25,9.680110915049156,3.920725046228872,Reaching goal,0.32201114016417925,0.19238437729028474
