,time (s),mean_local,std_local,collision_flag,dmin,reward
0,16.5,9.139367366113373,4.167228623546089,Reaching goal,0.7793804804319031,0.14934193797908024
