,time (s),mean_local,std_local,collision_flag,dmin,reward
0,15.25,9.1412926776895,4.057272752704582,Reaching goal,0.15492182663499332,0.1971699552499508
