,time (s),mean_local,std_local,collision_flag,dmin,reward
0,14.0,9.11013986013986,4.092048657848704,Reaching goal,0.01512106940803637,0.2200462154711701
