,time (s),mean_local,std_local,collision_flag,dmin,reward
0,15.75,9.149031040987824,4.021625047183117,Reaching goal,0.539204978460899,0.17660068171530102
