,time (s),mean_local,std_local,collision_flag,dmin,reward
0,19.0,9.121743899095147,4.126992400776018,Reaching goal,0.43461096101530755,0.13869060798079785
