,time (s),mean_local,std_local,collision_flag,dmin,reward
0,13.0,9.682377049180328,3.916853151693624,Reaching goal,0.2372194466351612,0.21859400321422126
