,time (s),mean_local,std_local,collision_flag,dmin,reward
0,15.25,9.32934131736527,4.284553951130638,Reaching goal,0.052673105884254334,0.18498780067731718
