,time (s),mean_local,std_local,collision_flag,dmin,reward
0,14.0,9.260683760683762,3.904357794680399,Reaching goal,0.16971393947602165,0.20767068780130335
