,time (s),mean_local,std_local,collision_flag,dmin,reward
0,17.25,9.116185087896545,4.052349738934144,Reaching goal,0.30101768875411766,0.15359107133882027
