,time (s),mean_local,std_local,collision_flag,dmin,reward
0,9.75,9.695327102803738,3.935857600163781,Collision,0.2115758420901926,-0.11089770708304748
