,time (s),mean_local,std_local,collision_flag,dmin,reward
0,15.5,9.66778728606357,3.9220664671631575,Reaching goal,0.6125462508425847,0.15123137623095848
