,time (s),mean_local,std_local,collision_flag,dmin,reward
0,16.5,9.691940174491068,3.920219847884538,Reaching goal,0.11268345677382807,0.14782297935690153
