,time (s),mean_local,std_local,collision_flag,dmin,reward
0,15.5,9.490594059405941,3.7817187463898465,Reaching goal,0.09721591831692411,0.1961222080910319
