,time (s),mean_local,std_local,collision_flag,dmin,reward
0,15.5,9.162859490550535,4.038264111328706,Reaching goal,0.16154107907147341,0.16424612195587526
