,time (s),mean_local,std_local,collision_flag,dmin,reward
0,14.75,8.874015748031496,3.4481356961812804,Reaching goal,0.6254734827708583,0.21305553188466644
