,time (s),mean_local,std_local,collision_flag,dmin,reward
0,16.0,9.126383763837639,4.039300182386353,Reaching goal,0.4736799189592072,0.1821954874615578
