,time (s),mean_local,std_local,collision_flag,dmin,reward
0,15.5,9.328178694158076,3.952535805597323,Reaching goal,0.028450871314603665,0.18043892225906089
