,time (s),mean_local,std_local,collision_flag,dmin,reward
0,19.0,9.627620221948211,3.8765699348729656,Reaching goal,0.2558622491210368,0.11870291772951058
