,time (s),mean_local,std_local,collision_flag,dmin,reward
0,16.0,9.13945119208277,4.185142310967142,Reaching goal,0.04201839938926166,0.1771959428656057
