,time (s),mean_local,std_local,collision_flag,dmin,reward
0,17.25,9.178729689807977,4.166507399571522,Reaching goal,0.2304863164422622,0.15131463066885237
