,time (s),mean_local,std_local,collision_flag,dmin,reward
0,15.75,9.680695847362514,3.9049679096638736,Reaching goal,0.2301216166051197,0.16677856820187822
