,time (s),mean_local,std_local,collision_flag,dmin,reward
0,16.75,9.139787189651575,4.038319027529435,Reaching goal,0.6499036024229443,0.16033446938684026
