,time (s),mean_local,std_local,collision_flag,dmin,reward
0,22.75,2.3559322033898304,1.8406385226487227,Reaching goal,1.9754959063151605,0.09342357073077287
