,time (s),mean_local,std_local,collision_flag,dmin,reward
0,18.25,2.4265402843601898,1.7936979916764122,Collision,0.7394363130572958,-0.037523658824249795
