,time (s),mean_local,std_local,collision_flag,dmin,reward
0,23.0,3.260869565217391,1.6995495900601794,Reaching goal,2.0091677715896448,0.09099490789620147
