,time (s),mean_local,std_local,collision_flag,dmin,reward
0,9.75,2.4035785288270377,1.6855564405296422,Collision,0.9320642355004503,-0.09645499117590496
