,time (s),mean_local,std_local,collision_flag,dmin,reward
0,15.25,2.370769230769231,1.6804965453856948,Reaching goal,0.9195847247189237,0.20589113209464907
