,time (s),mean_local,std_local,collision_flag,dmin,reward
0,22.25,2.861878453038674,1.6745527337634107,Collision,1.7038080796837678,-0.09484724395340671
