,time (s),mean_local,std_local,collision_flag,dmin,reward
0,15.25,2.4173553719008263,1.6723901679066437,Collision,1.1599722632742329,-0.054187307474876566
