,time (s),mean_local,std_local,collision_flag,dmin,reward
0,11.25,3.1384615384615384,2.3591192820589315,Reaching goal,2.1114927784820297,0.31381059609000006
