,time (s),mean_local,std_local,collision_flag,dmin,reward
0,14.25,2.3762798634812285,1.8458191343209218,Collision,0.7784418161419921,-0.05719198113740252
