,time (s),mean_local,std_local,collision_flag,dmin,reward
0,14.0,6.223474178403756,3.130667102389563,Reaching goal,0.06278695049972816,0.22228448266533538
