,time (s),mean_local,std_local,collision_flag,dmin,reward
0,15.0,6.0835804299481095,3.241951464875799,Reaching goal,0.2204244887228986,0.17932802185174118
