,time (s),mean_local,std_local,collision_flag,dmin,reward
0,12.75,6.190448456610367,3.1490560616808425,Collision,0.18579330567573427,-0.08836518019735519
