,time (s),mean_local,std_local,collision_flag,dmin,reward
0,14.25,5.886187845303867,3.241184789184708,Reaching goal,1.0254540177100548,0.20939026364762617
