,time (s),mean_local,std_local,collision_flag,dmin,reward
0,13.25,6.129633893621921,3.277481838532293,Reaching goal,0.11406517722483256,0.25418555910697205
