,time (s),mean_local,std_local,collision_flag,dmin,reward
0,14.75,6.202513150204559,3.11829214086442,Reaching goal,0.8153574503701815,0.20874044468835795
