,time (s),mean_local,std_local,collision_flag,dmin,reward
0,11.0,6.027439024390244,3.0937212562606167,Reaching goal,0.12816513396007645,0.31696522667827937
