,time (s),mean_local,std_local,collision_flag,dmin,reward
0,14.5,5.551724137931035,1.2480662807485419,Reaching goal,0.24071445452565815,0.20374034613385728
