,time (s),mean_local,std_local,collision_flag,dmin,reward
0,16.25,5.524926686217009,3.246038923001348,Reaching goal,0.13304977923294192,0.1665199582229512
