,time (s),mean_local,std_local,collision_flag,dmin,reward
0,11.5,6.181818181818182,3.2827553089404407,Reaching goal,1.2885233611913984,0.3037340409384276
