,time (s),mean_local,std_local,collision_flag,dmin,reward
0,11.25,6.231602421153234,3.1289899683934714,Reaching goal,0.078545292209792,0.31104323496970876
