,time (s),mean_local,std_local,collision_flag,dmin,reward
0,13.5,6.031289111389237,3.089247728765239,Reaching goal,0.06662154743883375,0.2329504592498283
