,time (s),mean_local,std_local,collision_flag,dmin,reward
0,12.5,5.758346581875994,3.237613961862891,Reaching goal,0.07697526701002733,0.2675755226506802
