,time (s),mean_local,std_local,collision_flag,dmin,reward
0,12.5,6.1523538541127785,3.2512985817436246,Reaching goal,0.0657138942887705,0.26634987836023044
