,time (s),mean_local,std_local,collision_flag,dmin,reward
0,13.75,6.175640355462624,3.294325368626741,Reaching goal,0.12239086758868867,0.21390524883932135
