,time (s),mean_local,std_local,collision_flag,dmin,reward
0,14.0,6.106537530266344,3.2555827813419476,Reaching goal,0.17943034915435419,0.21948615347906214
