,time (s),mean_local,std_local,collision_flag,dmin,reward
0,14.0,6.149329758713137,3.129888062324291,Reaching goal,0.705666126489715,0.22073442939121052
