,time (s),mean_local,std_local,collision_flag,dmin,reward
0,12.25,6.156062424969988,3.139744808211164,Reaching goal,0.16738946335352844,0.24645139025883397
