,time (s),mean_local,std_local,collision_flag,dmin,reward
0,14.5,4.939655172413793,2.194384656122297,Reaching goal,0.9829631593464656,0.1869016128285862
