,time (s),mean_local,std_local,collision_flag,dmin,reward
0,14.0,6.187200451085424,3.2498486833625204,Collision,1.125426218345665,-0.06558016590657344
