,time (s),mean_local,std_local,collision_flag,dmin,reward
0,13.0,6.1140923374425915,3.2625114196041367,Reaching goal,0.034428429282940876,0.2460189293257174
