,time (s),mean_local,std_local,collision_flag,dmin,reward
0,13.25,6.142605633802817,3.2618821101954816,Reaching goal,0.03311050473709942,0.24970907420286131
