,time (s),mean_local,std_local,collision_flag,dmin,reward
0,15.25,6.16020482809071,3.2660514810688537,Reaching goal,0.5940647041113405,0.20246924108486597
