,time (s),mean_local,std_local,collision_flag,dmin,reward
0,14.5,6.181519956260251,3.2459534782231985,Reaching goal,0.8889247195566141,0.20684847215619817
