,time (s),mean_local,std_local,collision_flag,dmin,reward
0,13.0,6.142890442890443,3.2781471882752977,Reaching goal,0.5476835996702836,0.2596794661877517
