,time (s),mean_local,std_local,collision_flag,dmin,reward
0,15.5,6.286059629331184,3.2701921955197895,Reaching goal,1.2863020098684712,0.1408529094258577
