,time (s),mean_local,std_local,collision_flag,dmin,reward
0,12.0,6.161579892280072,3.412264764830659,Reaching goal,0.15118843815398608,0.26313737424233025
