,time (s),mean_local,std_local,collision_flag,dmin,reward
0,13.5,6.207554368561618,3.2742559128905917,Reaching goal,0.12067995895115591,0.24512003201949875
