,time (s),mean_local,std_local,collision_flag,dmin,reward
0,12.5,6.056936285585178,3.1015954400668977,Reaching goal,0.5944718193000573,0.26633223491645924
