,time (s),mean_local,std_local,collision_flag,dmin,reward
0,13.5,6.104563233376792,3.1320803031950755,Reaching goal,1.713468934282689,0.24341906297438315
