,time (s),mean_local,std_local,collision_flag,dmin,reward
0,17.0,5.738049713193116,3.1138722521777167,Reaching goal,1.2178372457014617,0.11993291575080474
