,time (s),mean_local,std_local,collision_flag,dmin,reward
0,12.75,6.257466529351184,3.2967907760225486,Reaching goal,0.404932774943593,0.2531483787221372
