,time (s),mean_local,std_local,collision_flag,dmin,reward
0,14.0,6.166666666666667,3.3599664173592707,Reaching goal,0.0577093638068944,0.23475247552148606
