,time (s),mean_local,std_local,collision_flag,dmin,reward
0,15.75,6.184873949579832,3.2374724377563036,Reaching goal,0.7851235662174882,0.19090693574232856
