,time (s),mean_local,std_local,collision_flag,dmin,reward
0,16.0,6.087673611111111,3.2674006622871854,Reaching goal,0.015973545406003598,0.17285314613705163
