,time (s),mean_local,std_local,collision_flag,dmin,reward
0,13.75,6.161348153460022,3.271035755306414,Reaching goal,0.17869158648879901,0.23788006180259244
