,time (s),mean_local,std_local,collision_flag,dmin,reward
0,12.25,6.07774798927614,3.329967370016338,Reaching goal,0.31170140708795074,0.2763678672974662
