,time (s),mean_local,std_local,collision_flag,dmin,reward
0,13.5,6.029618580865118,3.089091321794701,Reaching goal,0.23337135758259447,0.23435176685238288
