,time (s),mean_local,std_local,collision_flag,dmin,reward
0,12.75,6.131944444444445,3.3978067431183083,Reaching goal,0.15255394208245,0.2666520729379618
