,time (s),mean_local,std_local,collision_flag,dmin,reward
0,11.75,6.088550247116968,3.2417022254234618,Reaching goal,0.8073180844359034,0.28142173941847914
