,time (s),mean_local,std_local,collision_flag,dmin,reward
0,14.0,5.761658031088083,3.218338216824937,Reaching goal,0.05581983205307384,0.21501201359994576
