,time (s),mean_local,std_local,collision_flag,dmin,reward
0,12.0,6.1902654867256635,3.3483707463750956,Reaching goal,0.9173954379707849,0.28678043679940385
