,time (s),mean_local,std_local,collision_flag,dmin,reward
0,12.75,6.135413911663581,3.1275734953134533,Reaching goal,0.06585242632258637,0.2580671686575269
