,time (s),mean_local,std_local,collision_flag,dmin,reward
0,12.0,6.137296532200991,3.146951082088734,Reaching goal,0.4178967485297416,0.28959495172970645
