,time (s),mean_local,std_local,collision_flag,dmin,reward
0,11.75,6.1246013667425965,3.2842844903115647,Reaching goal,0.09593441011341797,0.29642697877213237
