,time (s),mean_local,std_local,collision_flag,dmin,reward
0,12.0,6.124190700412007,3.3066536951027556,Reaching goal,0.6095875971383722,0.28681852402314645
