,time (s),mean_local,std_local,collision_flag,dmin,reward
0,12.25,6.0957920792079205,3.1252694325571153,Reaching goal,0.5231939526334908,0.2824295364810001
