,time (s),mean_local,std_local,collision_flag,dmin,reward
0,12.0,6.161458333333333,3.5296325880461303,Reaching goal,0.3321382354661298,0.2742606160001788
