,time (s),mean_local,std_local,collision_flag,dmin,reward
0,15.5,6.239109390125847,3.2720974117622026,Reaching goal,0.06925155136942418,0.19859994155912458
