,time (s),mean_local,std_local,collision_flag,dmin,reward
0,14.75,6.150739476678043,3.2952075068908835,Reaching goal,0.10244035128729556,0.20325111578095084
