,time (s),mean_local,std_local,collision_flag,dmin,reward
0,15.0,6.038038698328935,3.097805394809961,Reaching goal,0.47338000954130016,0.2097443468428613
