,time (s),mean_local,std_local,collision_flag,dmin,reward
0,13.0,5.801526717557252,3.0953955314475583,Reaching goal,0.27082263731737527,0.26070486148910965
