,time (s),mean_local,std_local,collision_flag,dmin,reward
0,14.75,6.107847003154574,3.2494845408169537,Reaching goal,0.9373557614162906,0.21702830914989518
