,time (s),mean_local,std_local,collision_flag,dmin,reward
0,15.0,6.1977863330125125,3.271461295397201,Reaching goal,1.396012461181793,0.2030684470600615
