,time (s),mean_local,std_local,collision_flag,dmin,reward
0,17.5,6.28762397585166,3.241145752735138,Reaching goal,0.03583285689382165,0.15444185894557796
