,time (s),mean_local,std_local,collision_flag,dmin,reward
0,13.75,6.202170963364993,3.2889718540595556,Reaching goal,0.209560481208041,0.23754499765975237
