,time (s),mean_local,std_local,collision_flag,dmin,reward
0,14.75,5.652747252747253,3.176539711779853,Reaching goal,0.039831014082420735,0.21535364992464465
