,time (s),mean_local,std_local,collision_flag,dmin,reward
0,15.0,6.199885123492246,3.120446364282426,Reaching goal,0.19614937199100724,0.18608597796340534
