,time (s),mean_local,std_local,collision_flag,dmin,reward
0,13.5,6.1347394540942926,3.2611646930875624,Reaching goal,0.016174182876841248,0.23262240822082486
