,time (s),mean_local,std_local,collision_flag,dmin,reward
0,12.0,6.295620437956204,3.1745479271959405,Reaching goal,0.42499983233180366,0.2759566991314574
