,time (s),mean_local,std_local,collision_flag,dmin,reward
0,15.25,6.113559322033899,3.3772397528419287,Reaching goal,1.2011699923728654,0.1076002634125495
