,time (s),mean_local,std_local,collision_flag,dmin,reward
0,17.0,6.088583905177791,3.2480543708769174,Reaching goal,0.20604719483847794,0.1705497301188521
