,time (s),mean_local,std_local,collision_flag,dmin,reward
0,14.5,6.189322093431683,3.2702292741210046,Reaching goal,0.1402869409612455,0.2051307439800269
