,time (s),mean_local,std_local,collision_flag,dmin,reward
0,13.25,6.187003610108303,3.3714201300235134,Reaching goal,0.07390285500876959,0.2403289769174643
