,time (s),mean_local,std_local,collision_flag,dmin,reward
0,12.75,6.247563946406821,3.250022510536268,Reaching goal,0.30118636833467877,0.254808139541281
