,time (s),mean_local,std_local,collision_flag,dmin,reward
0,11.0,6.163699176189211,3.247892724604082,Reaching goal,2.242725524792328,0.32218623105067123
