,time (s),mean_local,std_local,collision_flag,dmin,reward
0,12.25,6.198380566801619,3.3437431360919696,Reaching goal,0.06835521705306025,0.2823131159688571
