,time (s),mean_local,std_local,collision_flag,dmin,reward
0,11.25,6.171151776103337,3.3256654145471614,Reaching goal,0.46311081691487305,0.31263700381155907
