,time (s),mean_local,std_local,collision_flag,dmin,reward
0,15.5,5.788915094339623,3.144555005317966,Reaching goal,0.6025252334129063,0.19688516127650557
