,time (s),mean_local,std_local,collision_flag,dmin,reward
0,14.25,6.114476075105997,3.310808979755098,Reaching goal,0.07972212533816792,0.22599265039997507
