,time (s),mean_local,std_local,collision_flag,dmin,reward
0,12.0,6.179344033496162,3.3683917842815663,Reaching goal,0.0030126095570069955,0.2850734092762649
