,time (s),mean_local,std_local,collision_flag,dmin,reward
0,13.75,6.239041311888994,3.275763020042478,Reaching goal,0.0255145979000585,0.24046108919697548
