,time (s),mean_local,std_local,collision_flag,dmin,reward
0,12.75,6.087765323157644,3.1345418070063658,Reaching goal,0.24875115624051342,0.26413809092560087
