,time (s),mean_local,std_local,collision_flag,dmin,reward
0,14.0,6.273454868830592,3.267857207977996,Reaching goal,0.01840824387909601,0.22275406046766924
