,time (s),mean_local,std_local,collision_flag,dmin,reward
0,11.75,6.203005008347246,3.2860596411076424,Reaching goal,0.7184669398167771,0.29279245302570317
