,time (s),mean_local,std_local,collision_flag,dmin,reward
0,12.75,6.206363366042225,3.1286606308193203,Reaching goal,0.23553044220168956,0.26191319575751476
