,time (s),mean_local,std_local,collision_flag,dmin,reward
0,14.25,5.5398550724637685,3.3180236796045173,Reaching goal,0.4346371598613961,0.22497263133778217
