,time (s),mean_local,std_local,collision_flag,dmin,reward
0,13.75,6.222622950819672,3.298874076000678,Reaching goal,0.0056519532616761126,0.22525828200454834
