,time (s),mean_local,std_local,collision_flag,dmin,reward
0,13.25,6.1691666666666665,3.245080785674766,Reaching goal,0.22606084350049033,0.23232299640324128
