,time (s),mean_local,std_local,collision_flag,dmin,reward
0,12.5,6.189434364994664,3.1414323185399673,Reaching goal,0.3833744645378419,0.2704400528830516
