,time (s),mean_local,std_local,collision_flag,dmin,reward
0,14.0,6.252165982672139,3.2574270401398335,Reaching goal,0.08718278816035308,0.21918970263574197
