,time (s),mean_local,std_local,collision_flag,dmin,reward
0,12.25,6.1300141576215195,3.2714735903521412,Reaching goal,1.6299398549337445,0.27514949708548614
