,time (s),mean_local,std_local,collision_flag,dmin,reward
0,12.25,6.185783064287738,3.121268718192336,Reaching goal,0.26417438469371285,0.27967055991096734
