,time (s),mean_local,std_local,collision_flag,dmin,reward
0,14.25,6.114701775384002,3.2563536837412856,Reaching goal,0.3779708937272888,0.22413375353670958
