,time (s),mean_local,std_local,collision_flag,dmin,reward
0,15.5,6.243427157438911,3.2678841407752413,Reaching goal,0.58831841200972,0.1713639708830219
