,time (s),mean_local,std_local,collision_flag,dmin,reward
0,11.25,6.151061513336963,3.135619066437038,Reaching goal,0.731849366655775,0.31309163267145546
