,time (s),mean_local,std_local,collision_flag,dmin,reward
0,13.5,6.125944024877832,3.283021415933781,Reaching goal,0.26141676511688844,0.23389994634780562
