,time (s),mean_local,std_local,collision_flag,dmin,reward
0,14.0,6.2686832740213525,3.2792426067709415,Reaching goal,0.018111632422913915,0.2309418185159357
