,time (s),mean_local,std_local,collision_flag,dmin,reward
0,13.5,5.959332638164755,3.292392402161483,Reaching goal,0.549346398584317,0.2386089594372116
