,time (s),mean_local,std_local,collision_flag,dmin,reward
0,13.5,6.1962338949454905,3.275906230967844,Reaching goal,0.4661264078941059,0.23914827486181944
