,time (s),mean_local,std_local,collision_flag,dmin,reward
0,11.0,6.085457271364318,3.2468711580750753,Reaching goal,0.30968772079546786,0.31476834897101175
