,time (s),mean_local,std_local,collision_flag,dmin,reward
0,14.75,6.2311651848385585,3.2584654083411704,Reaching goal,0.0855148986106804,0.18758211367412123
