,time (s),mean_local,std_local,collision_flag,dmin,reward
0,11.75,6.024143134296184,3.087685139237567,Reaching goal,0.038506468840843966,0.293974475815773
