,time (s),mean_local,std_local,collision_flag,dmin,reward
0,13.0,6.124850799713536,3.264342648548179,Reaching goal,0.5236287452756065,0.24188437251261777
