,time (s),mean_local,std_local,collision_flag,dmin,reward
0,10.5,6.116417253521127,3.2742666389716333,Collision,0.01670757938453482,-0.11803428291940553
