,time (s),mean_local,std_local,collision_flag,dmin,reward
0,23.5,6.189102564102564,3.25285746876363,Collision,0.21943863308210015,-0.03573338962562995
