,time (s),mean_local,std_local,collision_flag,dmin,reward
0,14.25,6.138924292633189,3.266218625449226,Reaching goal,1.2484548408923437,0.21863474252576315
