,time (s),mean_local,std_local,collision_flag,dmin,reward
0,12.75,5.275449101796407,2.8905476153958185,Reaching goal,0.03823938462939347,0.25262402796913613
