,time (s),mean_local,std_local,collision_flag,dmin,reward
0,15.25,6.186071524603388,3.2463286606228756,Reaching goal,0.09639745763994334,0.18221159606997978
