,time (s),mean_local,std_local,collision_flag,dmin,reward
0,13.5,6.218693828639904,3.2508630694867304,Reaching goal,1.2953563982303842,0.24567956813953426
