,time (s),mean_local,std_local,collision_flag,dmin,reward
0,14.0,6.229467856044294,3.1255300124831518,Reaching goal,0.358451754045313,0.23265228999626303
