,time (s),mean_local,std_local,collision_flag,dmin,reward
0,12.5,6.24288518155054,3.1618720181317266,Reaching goal,0.2553688945223627,0.2750874266336541
