,time (s),mean_local,std_local,collision_flag,dmin,reward
0,14.5,6.132643884892087,3.2842598000665397,Reaching goal,0.14149506946756385,0.20413220855310385
