,time (s),mean_local,std_local,collision_flag,dmin,reward
0,15.25,6.084814735489398,3.2609245478182656,Reaching goal,0.6146678925059452,0.19204133081682684
