,time (s),mean_local,std_local,collision_flag,dmin,reward
0,12.5,6.197874679369733,3.146662232819628,Reaching goal,0.08708665285267414,0.2728372321469339
