,time (s),mean_local,std_local,collision_flag,dmin,reward
0,16.5,6.227535301668806,3.2802202890620515,Reaching goal,0.8452433055780428,0.17515967059426552
