,time (s),mean_local,std_local,collision_flag,dmin,reward
0,14.25,6.247863247863248,3.1277380436866444,Reaching goal,0.05260866329983038,0.19259624404268064
