,time (s),mean_local,std_local,collision_flag,dmin,reward
0,13.75,6.214855952794169,3.1413536571757916,Reaching goal,0.7640330739713908,0.24008767477188236
