,time (s),mean_local,std_local,collision_flag,dmin,reward
0,13.75,6.094392523364486,3.3148584152592595,Reaching goal,0.11537873572044766,0.22410136016820903
