,time (s),mean_local,std_local,collision_flag,dmin,reward
0,14.0,6.100191448627951,3.1293401200303856,Reaching goal,0.6903426904903638,0.22115693875669978
