,time (s),mean_local,std_local,collision_flag,dmin,reward
0,12.75,6.018829722615914,3.082297285655077,Reaching goal,1.069258817772865,0.2664294650685719
