,time (s),mean_local,std_local,collision_flag,dmin,reward
0,12.5,6.20976353928299,3.173271648796165,Reaching goal,0.32939855780147315,0.2409713299826165
