,time (s),mean_local,std_local,collision_flag,dmin,reward
0,14.5,5.748180494905386,3.1510805950459986,Reaching goal,1.0385448408957565,0.21036736385718424
