,time (s),mean_local,std_local,collision_flag,dmin,reward
0,11.75,6.036497890295359,3.0922076373976504,Reaching goal,0.43735982480698327,0.2976577735789891
