,time (s),mean_local,std_local,collision_flag,dmin,reward
0,14.0,6.038423645320197,3.293447963085082,Reaching goal,0.8938906757607767,0.22786441620874817
