,time (s),mean_local,std_local,collision_flag,dmin,reward
0,15.5,6.230559875583204,3.1768920467804738,Reaching goal,0.11421096209677717,0.19835432266882524
