,time (s),mean_local,std_local,collision_flag,dmin,reward
0,13.5,6.016556291390729,3.3764460814399233,Reaching goal,2.0075149302426754,0.23286184962305376
