,time (s),mean_local,std_local,collision_flag,dmin,reward
0,11.5,6.1388455538221525,3.3534955674054734,Reaching goal,0.09054608266205721,0.2953323514204875
