,time (s),mean_local,std_local,collision_flag,dmin,reward
0,14.25,6.112692532657438,3.2515534243950333,Reaching goal,1.177900793246558,0.21715163781028682
