,time (s),mean_local,std_local,collision_flag,dmin,reward
0,10.75,6.225460636515913,3.1267616135786573,Reaching goal,0.9661381585167355,0.3205005573128623
