,time (s),mean_local,std_local,collision_flag,dmin,reward
0,16.5,6.126614987080103,3.3278233008278093,Reaching goal,0.8983196608140893,0.1722065056761223
