,time (s),mean_local,std_local,collision_flag,dmin,reward
0,13.0,6.154508043396932,3.271776631473189,Reaching goal,0.217981397786621,0.25575215272077784
