,time (s),mean_local,std_local,collision_flag,dmin,reward
0,13.25,6.1506813417190775,3.2534596256559665,Reaching goal,0.26246072501301604,0.24494737068843758
