,time (s),mean_local,std_local,collision_flag,dmin,reward
0,13.75,6.178709321566465,3.2889943490079308,Reaching goal,0.15091206818883096,0.21904509103885347
