,time (s),mean_local,std_local,collision_flag,dmin,reward
0,13.75,5.6893939393939394,3.2014814494346804,Collision,0.3037595810190293,-0.06754747081114579
