,time (s),mean_local,std_local,collision_flag,dmin,reward
0,18.0,6.071925754060325,3.253556563797447,Reaching goal,0.2326741368675525,0.13821683889750383
