,time (s),mean_local,std_local,collision_flag,dmin,reward
0,13.0,6.091836734693878,3.2515874182117006,Reaching goal,0.2308479852821062,0.258421634685495
