,time (s),mean_local,std_local,collision_flag,dmin,reward
0,13.25,6.282644628099174,3.2570756463847745,Reaching goal,0.018038273995562015,0.2322788331541083
