,time (s),mean_local,std_local,collision_flag,dmin,reward
0,15.75,6.09293893129771,3.2502418800319095,Reaching goal,0.038887003082879734,0.18683168017226942
