,time (s),mean_local,std_local,collision_flag,dmin,reward
0,11.5,6.215217391304348,3.282262434948104,Reaching goal,0.0226379106698682,0.2955306546414677
