,time (s),mean_local,std_local,collision_flag,dmin,reward
0,13.75,6.121175030599755,3.2676230926480243,Reaching goal,1.2619688695707822,0.23296801055672603
