,time (s),mean_local,std_local,collision_flag,dmin,reward
0,12.0,6.110102375893375,3.2522927425140584,Reaching goal,0.19341001501182797,0.28996760794560417
