,time (s),mean_local,std_local,collision_flag,dmin,reward
0,13.25,6.2233049127080795,3.196576420361342,Reaching goal,0.3507587261711003,0.2364798630688603
