,time (s),mean_local,std_local,collision_flag,dmin,reward
0,12.5,6.162162162162162,3.3870639101825923,Reaching goal,0.07998856564051571,0.27374845720844626
