,time (s),mean_local,std_local,collision_flag,dmin,reward
0,11.5,6.100376411543287,3.320777880306725,Reaching goal,0.03719404948359373,0.2731741392065423
