,time (s),mean_local,std_local,collision_flag,dmin,reward
0,11.0,6.093877551020408,3.2402700922485663,Reaching goal,0.02782807892255823,0.3029437288748248
