,time (s),mean_local,std_local,collision_flag,dmin,reward
0,11.75,5.99346016646849,3.0683450291474825,Reaching goal,0.05113730843492137,0.2757029384894977
