,time (s),mean_local,std_local,collision_flag,dmin,reward
0,14.75,6.184187911773131,3.246864259576832,Reaching goal,0.3628137252785773,0.21702830914989518
