,time (s),mean_local,std_local,collision_flag,dmin,reward
0,11.75,5.762942779291553,3.119935032946169,Reaching goal,0.013776848022301724,0.25089971250888393
