,time (s),mean_local,std_local,collision_flag,dmin,reward
0,21.25,6.219711725749903,3.2651959678529963,Reaching goal,0.6796553168321042,0.10344680450101969
