,time (s),mean_local,std_local,collision_flag,dmin,reward
0,11.75,6.222310756972112,3.180866014881061,Reaching goal,0.07487097057204717,0.29133299680763325
