,time (s),mean_local,std_local,collision_flag,dmin,reward
0,13.0,5.45662100456621,3.1884050059447024,Reaching goal,0.5979587515679954,0.25527758267315254
