,time (s),mean_local,std_local,collision_flag,dmin,reward
0,12.5,6.139784946236559,3.3229360663752345,Reaching goal,0.3407551014831683,0.2558959513174888
