,time (s),mean_local,std_local,collision_flag,dmin,reward
0,12.0,6.278411491339248,3.2274387900825285,Reaching goal,0.23414972823557562,0.28996760794560417
