,time (s),mean_local,std_local,collision_flag,dmin,reward
0,13.25,6.285914179104478,3.1637326964717367,Reaching goal,0.3937293607109161,0.2432694334803822
