,time (s),mean_local,std_local,collision_flag,dmin,reward
0,12.75,6.184317718940937,3.2840164812863186,Reaching goal,0.20710630301718785,0.2601156161208974
