,time (s),mean_local,std_local,collision_flag,dmin,reward
0,12.0,6.020833333333333,2.367220445773669,Reaching goal,1.3470516566636461,0.2877870231921611
