,robot_x,robot_y,local_ppl_cnt
0,0.1767766952966369,-3.823223304703363,2
1,0.3535533905932738,-3.646446609406726,4
2,0.5303300858899107,-3.469669914110089,4
3,0.4346592277986383,-3.2387000309822676,4
4,0.3389883697073659,-3.007730147854446,4
5,0.24331751161609347,-2.7767602647266245,4
6,0.3389883697073659,-2.545790381598803,5
7,0.3389883697073659,-2.295790381598803,5
8,0.3389883697073659,-2.045790381598803,7
9,0.3389883697073659,-1.795790381598803,8
10,0.24331751161609347,-1.5648204984709813,10
11,0.2433175116160935,-1.3148204984709813,10
12,0.14764665352482106,-1.0838506153431595,11
13,0.1476466535248211,-0.8338506153431595,11
14,0.14764665352482112,-0.5838506153431595,11
15,0.14764665352482115,-0.3338506153431595,11
16,0.14764665352482118,-0.08385061534315952,11
17,0.1476466535248212,0.16614938465684048,11
18,0.32442334882145807,0.34292607995347735,10
19,0.32442334882145807,0.5929260799534773,10
20,0.22875249073018564,0.823895963081299,8
21,0.1330816326389132,1.0548658462091207,8
22,0.13308163263891323,1.3048658462091207,9
23,0.2287524907301857,1.5358357293369425,9
24,0.3244233488214582,1.7668056124647642,7
25,0.3244233488214582,2.016805612464764,7
26,0.3244233488214582,2.266805612464764,8
27,0.3244233488214582,2.516805612464764,7
28,0.3244233488214582,2.766805612464764,6
29,0.22875249073018575,2.9977754955925855,4
30,0.13308163263891332,3.228745378720407,5
31,0.037410774547640885,3.4597152618482285,4
32,0.0374107745476409,3.7097152618482285,4
