,time (s),mean_local,std_local,collision_flag,dmin,reward
0,9.75,1.6795580110497237,1.2699553318826846,Reaching goal,2.6563676695045273,0.3675393472368629
