,time (s),mean_local,std_local,collision_flag,dmin,reward
0,9.75,1.6337254901960785,1.275597966841583,Reaching goal,2.3104626534062658,0.3675393472368629
