,time (s),mean_local,std_local,collision_flag,dmin,reward
0,10.25,1.5013123359580052,1.2287557924418393,Reaching goal,0.44839730247784254,0.3486784401000001
