,time (s),mean_local,std_local,collision_flag,dmin,reward
0,10.25,1.614271701814615,1.2750914137915221,Reaching goal,0.4446714734121791,0.3486784401000001
