,time (s),mean_local,std_local,collision_flag,dmin,reward
0,11.0,1.6830409356725147,1.2561447068869336,Reaching goal,0.3013401930155553,0.32218623105067123
