,time (s),mean_local,std_local,collision_flag,dmin,reward
0,10.75,1.6004801920768308,1.272594030999241,Reaching goal,0.9994005757841273,0.3307854125131766
