,time (s),mean_local,std_local,collision_flag,dmin,reward
0,10.5,1.6653936545240893,1.2830682797452848,Reaching goal,0.3617850297162278,0.3396141069551285
