,time (s),mean_local,std_local,collision_flag,dmin,reward
0,11.0,1.2380952380952381,1.3358819180100512,Reaching goal,1.8848277410170569,0.32218623105067123
