,time (s),mean_local,std_local,collision_flag,dmin,reward
0,9.5,1.6047607824652368,1.2719145549029176,Reaching goal,0.3928756283074964,0.37734900772792057
