,time (s),mean_local,std_local,collision_flag,dmin,reward
0,10.25,1.6683369871594111,1.2861458981562446,Reaching goal,3.8733161625380683,0.3486784401000001
