,time (s),mean_local,std_local,collision_flag,dmin,reward
0,12.5,1.7037422037422036,1.2418409512067574,Reaching goal,0.47782209911353585,0.2750874266336541
