,time (s),mean_local,std_local,collision_flag,dmin,reward
0,9.5,1.6143175625464454,1.2751791458736481,Reaching goal,1.2512137854104466,0.37734900772792057
