,time (s),mean_local,std_local,collision_flag,dmin,reward
0,10.75,1.4782608695652173,1.2835578371248912,Reaching goal,0.37594016593990603,0.3307854125131766
