,time (s),mean_local,std_local,collision_flag,dmin,reward
0,10.25,1.695024077046549,1.2688732977126698,Reaching goal,0.21990717531120657,0.3486784401000001
