,time (s),mean_local,std_local,collision_flag,dmin,reward
0,11.5,1.6671741778319122,1.284596906919615,Reaching goal,1.458274453196156,0.30565269625961566
