,time (s),mean_local,std_local,collision_flag,dmin,reward
0,10.0,1.6629374641422834,1.2853103949436926,Reaching goal,0.5506253217398305,0.3579847011674125
