,time (s),mean_local,std_local,collision_flag,dmin,reward
0,11.5,1.6303680981595092,1.2764093888319796,Reaching goal,1.2764659650814811,0.30565269625961566
