,time (s),mean_local,std_local,collision_flag,dmin,reward
0,10.5,1.682230869001297,1.2781951460027547,Reaching goal,0.3858177814966193,0.3396141069551285
