,time (s),mean_local,std_local,collision_flag,dmin,reward
0,12.0,1.6952089704383282,1.285799283842279,Reaching goal,0.25807006134843974,0.2892818497740746
