,time (s),mean_local,std_local,collision_flag,dmin,reward
0,9.75,1.677982233502538,1.2849371351582601,Reaching goal,3.0797881749849934,0.3675393472368629
