,time (s),mean_local,std_local,collision_flag,dmin,reward
0,9.75,1.7216808769792935,1.2660199175590543,Reaching goal,0.7427544484024244,0.3675393472368629
