,time (s),mean_local,std_local,collision_flag,dmin,reward
0,11.0,1.6917073170731707,1.2735889416862434,Reaching goal,0.24801001244453996,0.32218623105067123
