,time (s),mean_local,std_local,collision_flag,dmin,reward
0,10.25,1.66845703125,1.2550449607971965,Reaching goal,0.3451850404165911,0.3423060330601863
