,time (s),mean_local,std_local,collision_flag,dmin,reward
0,12.25,1.7085777126099706,1.2713455017119515,Reaching goal,1.029688285179029,0.2824295364810001
