,time (s),mean_local,std_local,collision_flag,dmin,reward
0,10.5,1.7078438802576734,1.266908772144912,Reaching goal,1.2085512923610169,0.3396141069551285
