,time (s),mean_local,std_local,collision_flag,dmin,reward
0,11.0,1.6875584658559402,1.2808018008770599,Reaching goal,0.5698673046877107,0.32218623105067123
