,time (s),mean_local,std_local,collision_flag,dmin,reward
0,10.75,1.638360175695461,1.275788140063301,Reaching goal,1.3623213023962528,0.3307854125131766
