,time (s),mean_local,std_local,collision_flag,dmin,reward
0,10.25,1.6905606813342797,1.2651030689479672,Reaching goal,0.06311360649651043,0.3486784401000001
