,time (s),mean_local,std_local,collision_flag,dmin,reward
0,10.5,1.6949711459192085,1.2750828251681674,Reaching goal,0.32968257978309007,0.3396141069551285
