,time (s),mean_local,std_local,collision_flag,dmin,reward
0,14.75,5.169491525423729,3.1090493526232144,Reaching goal,1.4299075729246509,0.2087160520212327
