,time (s),mean_local,std_local,collision_flag,dmin,reward
0,15.75,4.095238095238095,1.8232561637215856,Reaching goal,0.9995589529231099,0.18851178116895503
