,time (s),mean_local,std_local,collision_flag,dmin,reward
0,24.5,4.940711462450593,2.821508771346566,Reaching goal,0.46619586108358196,-0.0028191585854845796
