,time (s),mean_local,std_local,collision_flag,dmin,reward
0,21.75,5.212705615428248,2.781026734156719,Reaching goal,1.0777422914911683,0.07179222464541957
