,time (s),mean_local,std_local,collision_flag,dmin,reward
0,9.25,4.916486681065515,2.7599303596930422,Collision,0.2504793009722231,-0.10366366160419774
