,time (s),mean_local,std_local,collision_flag,dmin,reward
0,10.25,5.176412776412777,2.7708262379510273,Reaching goal,0.7299501048895782,0.3304845576971264
