,time (s),mean_local,std_local,collision_flag,dmin,reward
0,15.25,5.182896379525593,2.8314502842376092,Reaching goal,0.7676877898699426,0.13213121523683824
