,time (s),mean_local,std_local,collision_flag,dmin,reward
0,17.75,4.882396449704142,2.7743410427569746,Collision,1.0724716380945858,-0.13491107167964644
