,time (s),mean_local,std_local,collision_flag,dmin,reward
0,2.0,4.930086410054988,2.8171255107570423,Collision,0.6738440493378686,-0.22346316044012016
