,time (s),mean_local,std_local,collision_flag,dmin,reward
0,15.0,5.083676268861454,2.8216038370831438,Reaching goal,0.6079849191964568,0.20798343412755205
