,time (s),mean_local,std_local,collision_flag,dmin,reward
0,10.75,5.155466399197593,2.7399680624185376,Collision,0.21057802197856007,-0.08945951064745003
