,time (s),mean_local,std_local,collision_flag,dmin,reward
0,2.0,4.9203747072599535,2.8118015788399773,Collision,0.4894737280728599,-0.22751526235292052
