,time (s),mean_local,std_local,collision_flag,dmin,reward
0,9.0,3.085920884729902,1.7605058026339624,Reaching goal,1.5971786760293232,0.39009547981156034
