,time (s),mean_local,std_local,collision_flag,dmin,reward
0,8.75,3.203076923076923,1.7507773421469528,Reaching goal,0.9812897190131746,0.4032783570019819
