,time (s),mean_local,std_local,collision_flag,dmin,reward
0,9.5,3.1543244771057095,1.746978238704358,Reaching goal,0.2539867674870307,0.3342642746100395
