,time (s),mean_local,std_local,collision_flag,dmin,reward
0,8.5,3.143847487001733,1.754943825642062,Reaching goal,0.4373104445097667,0.41842945820539823
