,time (s),mean_local,std_local,collision_flag,dmin,reward
0,9.0,3.088552915766739,1.763910667611099,Reaching goal,1.4139522728863927,0.39776077907490276
