,time (s),mean_local,std_local,collision_flag,dmin,reward
0,9.0,3.2365967365967365,1.8311507019693065,Reaching goal,0.5053938401164737,0.39273656138866153
