,time (s),mean_local,std_local,collision_flag,dmin,reward
0,9.75,3.0514302224790524,1.7760197082691058,Reaching goal,0.5148089679772994,0.365968021224041
