,time (s),mean_local,std_local,collision_flag,dmin,reward
0,9.25,3.2114832535885167,1.7771172293489093,Reaching goal,0.9295398824032768,0.3874204890000001
