,time (s),mean_local,std_local,collision_flag,dmin,reward
0,8.5,3.0773722627737228,1.7837053494983937,Reaching goal,0.5177191283713192,0.4192766752532451
