,time (s),mean_local,std_local,collision_flag,dmin,reward
0,8.75,3.062320230105465,1.7782866667668746,Reaching goal,1.470805327783991,0.4066399070451994
