,time (s),mean_local,std_local,collision_flag,dmin,reward
0,8.5,3.041949778434269,1.7817425566276905,Reaching goal,1.675476819640331,0.41784245275859816
