,time (s),mean_local,std_local,collision_flag,dmin,reward
0,8.5,3.1485355648535567,1.7687749435799898,Reaching goal,0.5592115785682834,0.4192766752532451
