,time (s),mean_local,std_local,collision_flag,dmin,reward
0,8.75,3.1552428506581935,1.7559841198788964,Reaching goal,1.0422726847974288,0.4083770524854032
