,time (s),mean_local,std_local,collision_flag,dmin,reward
0,8.75,3.080030781069642,1.777261533944152,Reaching goal,2.8534621745161175,0.4083770524854032
