,time (s),mean_local,std_local,collision_flag,dmin,reward
0,8.5,2.7083333333333335,1.522402158870426,Reaching goal,1.1185587353573438,0.4119510899751809
