,time (s),mean_local,std_local,collision_flag,dmin,reward
0,9.5,3.145545102379635,1.7460084351148082,Reaching goal,0.432395748042622,0.3770742096765326
