,time (s),mean_local,std_local,collision_flag,dmin,reward
0,8.75,3.1745152354570636,1.8048914303227894,Reaching goal,1.2498761303865658,0.4080389123371544
