,time (s),mean_local,std_local,collision_flag,dmin,reward
0,8.5,3.1828703703703702,1.7497044993506792,Reaching goal,1.0917425978351365,0.40383863088234695
