,time (s),mean_local,std_local,collision_flag,dmin,reward
0,10.0,3.149624765478424,1.7473203418442462,Reaching goal,0.4250804890363749,0.3579847011674125
