,time (s),mean_local,std_local,collision_flag,dmin,reward
0,16.5,6.8494228751311645,2.7039848916772846,Reaching goal,0.12948195772251625,0.17865744490722799
