,time (s),mean_local,std_local,collision_flag,dmin,reward
0,17.75,6.784846732215153,2.702949461608425,Reaching goal,0.34595987612489837,0.14421835477724176
