,time (s),mean_local,std_local,collision_flag,dmin,reward
0,14.5,6.793299157817649,2.747111086991651,Reaching goal,0.8261168375258494,0.22282081557325983
