,time (s),mean_local,std_local,collision_flag,dmin,reward
0,11.5,6.871385842472582,2.8853825528429002,Reaching goal,0.6345327750486127,0.30565269625961566
