,time (s),mean_local,std_local,collision_flag,dmin,reward
0,11.25,6.754142409314823,2.767528445345524,Reaching goal,0.42499470723343885,0.31381059609000006
