,time (s),mean_local,std_local,collision_flag,dmin,reward
0,15.5,6.882496513249651,2.7091328392905156,Reaching goal,0.1998479291419628,0.19725247669915805
