,time (s),mean_local,std_local,collision_flag,dmin,reward
0,12.75,6.762044653349001,2.74343157638397,Reaching goal,0.1602572245126096,0.25283733731685176
