,time (s),mean_local,std_local,collision_flag,dmin,reward
0,14.25,6.921585160202361,2.688227319504661,Reaching goal,0.40929431489952633,0.22622918924724236
