,time (s),mean_local,std_local,collision_flag,dmin,reward
0,14.75,6.791773778920309,2.744301727104652,Reaching goal,0.020081959001110206,0.21702830914989518
