,time (s),mean_local,std_local,collision_flag,dmin,reward
0,15.5,6.797885462555066,2.7474353159037257,Reaching goal,0.03005687667765322,0.18754100267666915
