,time (s),mean_local,std_local,collision_flag,dmin,reward
0,12.25,6.763405559203327,2.7654831410824094,Reaching goal,0.7572872797879582,0.2824295364810001
