,time (s),mean_local,std_local,collision_flag,dmin,reward
0,16.5,6.766072501502103,2.754555707251713,Reaching goal,0.49397890454543797,0.17958706536677815
