,time (s),mean_local,std_local,collision_flag,dmin,reward
0,14.75,6.803201506591337,2.851944378344864,Reaching goal,0.9542759644274035,0.21702830914989518
