,time (s),mean_local,std_local,collision_flag,dmin,reward
0,12.25,6.846074734316078,2.711969403305687,Reaching goal,1.2641124970835877,0.2824295364810001
