,time (s),mean_local,std_local,collision_flag,dmin,reward
0,17.5,6.764359650903186,2.7492243515495334,Reaching goal,0.27809559927615296,0.16091181607093868
