,time (s),mean_local,std_local,collision_flag,dmin,reward
0,12.5,6.696470588235294,3.1112111149962365,Reaching goal,0.43038060863778754,0.2750874266336541
