,time (s),mean_local,std_local,collision_flag,dmin,reward
0,11.5,6.78998778998779,2.959201188263919,Reaching goal,1.1560243845772742,0.30565269625961566
