,time (s),mean_local,std_local,collision_flag,dmin,reward
0,13.75,6.8766257896692675,2.7057503598995774,Reaching goal,0.9585148748767605,0.2352637736433254
