,time (s),mean_local,std_local,collision_flag,dmin,reward
0,13.25,6.716901408450704,2.974562858899995,Reaching goal,0.24883838655686003,0.2540523288895634
