,time (s),mean_local,std_local,collision_flag,dmin,reward
0,14.75,6.7261849976990336,2.7520715599300893,Reaching goal,0.16022902808404216,0.20496678821641934
