,time (s),mean_local,std_local,collision_flag,dmin,reward
0,11.5,6.767398236728568,2.7350855367209554,Reaching goal,0.8647091915862009,0.30565269625961566
