,time (s),mean_local,std_local,collision_flag,dmin,reward
0,13.5,6.783103448275862,2.738963563666293,Reaching goal,1.5587460405926055,0.2475786839702887
