,time (s),mean_local,std_local,collision_flag,dmin,reward
0,20.25,6.760584677419355,2.7489255343926993,Reaching goal,0.3262180938574158,0.11212371393519031
