,time (s),mean_local,std_local,collision_flag,dmin,reward
0,14.5,6.907311226528166,2.6785796115365708,Reaching goal,1.1374692130726631,0.22282081557325983
