,time (s),mean_local,std_local,collision_flag,dmin,reward
0,15.5,6.767754698318496,2.748233638847786,Reaching goal,0.4355331502603817,0.20053873401593386
