,time (s),mean_local,std_local,collision_flag,dmin,reward
0,17.25,6.828470380194518,2.850647661492292,Reaching goal,0.3881162946105235,0.16606049594937142
