,time (s),mean_local,std_local,collision_flag,dmin,reward
0,14.0,6.814975845410628,2.678428386685924,Reaching goal,0.24185646257914578,0.23432674276201487
