,time (s),mean_local,std_local,collision_flag,dmin,reward
0,14.75,6.650822669104205,3.0797763190100524,Reaching goal,0.48770298852955035,0.21257279459585485
