,time (s),mean_local,std_local,collision_flag,dmin,reward
0,11.75,6.825572420890147,2.717263133239406,Reaching goal,1.0094660435042204,0.29770687126185896
