,time (s),mean_local,std_local,collision_flag,dmin,reward
0,15.5,6.78001116694584,2.682878317984318,Reaching goal,0.19418315209160109,0.20015710513675594
