,time (s),mean_local,std_local,collision_flag,dmin,reward
0,15.75,6.777490297542044,2.9259353125130176,Reaching goal,0.4151720068286005,0.19532547823490568
