,time (s),mean_local,std_local,collision_flag,dmin,reward
0,18.5,6.770436730123181,2.8891307933282855,Reaching goal,0.35952318394836374,0.1461927370976158
