,time (s),mean_local,std_local,collision_flag,dmin,reward
0,18.5,6.736763978228599,2.736666062251273,Reaching goal,0.5532133358489981,0.14540201656237786
