,time (s),mean_local,std_local,collision_flag,dmin,reward
0,18.25,6.78719467061436,2.7462131207654696,Reaching goal,0.5635994768125709,0.13639172199543145
