,time (s),mean_local,std_local,collision_flag,dmin,reward
0,12.0,6.0,2.761203075516617,Reaching goal,0.19317896496460352,0.2893272126371834
