,time (s),mean_local,std_local,collision_flag,dmin,reward
0,14.25,6.777555110220441,2.758472204973887,Reaching goal,0.29198610293059685,0.22824446977725615
