,time (s),mean_local,std_local,collision_flag,dmin,reward
0,15.5,6.845888261142498,2.707626295438582,Reaching goal,0.13329070122779718,0.19929964595263452
