,time (s),mean_local,std_local,collision_flag,dmin,reward
0,10.75,6.864437689969605,2.7229486972434107,Reaching goal,0.7007787702160484,0.3300504009726374
