,time (s),mean_local,std_local,collision_flag,dmin,reward
0,16.75,6.884070796460177,2.694112439319455,Reaching goal,0.4385074382841874,0.17315788839689947
