,time (s),mean_local,std_local,collision_flag,dmin,reward
0,11.5,8.698853349426674,3.7903248880284433,Reaching goal,0.8121396034213813,0.21697950471137978
