,time (s),mean_local,std_local,collision_flag,dmin,reward
0,12.25,8.672548215018466,3.789316855376574,Reaching goal,0.5309400906880244,0.24340637030510454
