,time (s),mean_local,std_local,collision_flag,dmin,reward
0,12.0,8.936516129032258,3.862353718879183,Reaching goal,0.7409750037090557,0.2800084314599675
