,time (s),mean_local,std_local,collision_flag,dmin,reward
0,20.0,7.326666666666667,4.633928019390125,Reaching goal,0.3735131052181376,0.08572427337155385
