,time (s),mean_local,std_local,collision_flag,dmin,reward
0,17.5,6.428571428571429,3.7704544196439036,Reaching goal,0.439616331215716,0.14786495783153616
