,time (s),mean_local,std_local,collision_flag,dmin,reward
0,12.25,9.08381631743201,3.8966955908831746,Reaching goal,0.5935658657666516,0.22939010688507613
