,time (s),mean_local,std_local,collision_flag,dmin,reward
0,3.5,8.272935779816514,3.837442478486457,Collision,0.3553216552964194,-0.18956972270536496
