,time (s),mean_local,std_local,collision_flag,dmin,reward
0,18.5,8.877836611195159,3.8481748638391973,Reaching goal,0.47692723392145614,0.11203296566539371
