,time (s),mean_local,std_local,collision_flag,dmin,reward
0,13.0,9.075210084033614,3.865900125377544,Reaching goal,0.8269707750768489,0.2572664990266988
