,time (s),mean_local,std_local,collision_flag,dmin,reward
0,12.75,8.906454141625295,3.8462246558327946,Reaching goal,0.6985625738892904,0.24215523919289178
