,time (s),mean_local,std_local,collision_flag,dmin,reward
0,16.25,8.0265780730897,3.9711531984591284,Reaching goal,0.9018044046352816,0.1690566782632093
