,time (s),mean_local,std_local,collision_flag,dmin,reward
0,13.0,8.903399433427762,3.8832851373568587,Reaching goal,0.53723945151064,0.21372390129337046
