,time (s),mean_local,std_local,collision_flag,dmin,reward
0,12.0,8.427438540840603,3.938726836576718,Reaching goal,1.0330533142303204,0.28947205719117397
