,time (s),mean_local,std_local,collision_flag,dmin,reward
0,21.5,8.90264603095357,3.8268839056570436,Reaching goal,0.5106933497226827,0.10657450534416192
