,time (s),mean_local,std_local,collision_flag,dmin,reward
0,11.75,8.324265505984766,3.8015758829628035,Reaching goal,0.8954037684634866,0.28733353451170357
