,time (s),mean_local,std_local,collision_flag,dmin,reward
0,24.75,8.760845789281808,3.8493843264803473,Reaching goal,0.6032472288556174,0.06878848774415039
