,time (s),mean_local,std_local,collision_flag,dmin,reward
0,19.0,8.850420168067227,3.819386064211421,Reaching goal,0.35142787795681324,0.11616577535810405
