,time (s),mean_local,std_local,collision_flag,dmin,reward
0,11.75,8.8889913899139,3.9244450211976614,Reaching goal,1.205534448808102,0.2847911699898887
