,time (s),mean_local,std_local,collision_flag,dmin,reward
0,10.0,8.230652503793626,4.066022059221385,Reaching goal,0.5940700974329378,0.3065706525397131
