,time (s),mean_local,std_local,collision_flag,dmin,reward
0,12.75,8.681827411167513,3.7877286110711257,Reaching goal,0.4674172606067302,0.26715979530142336
