,time (s),mean_local,std_local,collision_flag,dmin
0,3.5,9.785714285714286,5.671716437458661,Collision,0.29372865585430113
