,time (s),mean_local,std_local,collision_flag,dmin,reward
0,12.0,8.678596008258776,3.981452554423121,Reaching goal,0.9007495044732217,0.24386471305116875
