,time (s),mean_local,std_local,collision_flag,dmin,reward
0,15.0,8.60355871886121,3.961755084524401,Reaching goal,0.5697223908971287,0.18712905413090683
