,time (s),mean_local,std_local,collision_flag,dmin,reward
0,11.5,8.977061714909885,3.927318692090603,Reaching goal,0.701495692249954,0.213584993093112
