,time (s),mean_local,std_local,collision_flag,dmin,reward
0,12.5,8.113432835820895,4.221370489859088,Reaching goal,0.748512789176734,0.23474811568962628
