,time (s),mean_local,std_local,collision_flag,dmin,reward
0,9.0,16.065651760228352,7.154238630294966,Reaching goal,0.3750673114587582,0.23214143688668437
