,time (s),mean_local,std_local,collision_flag,dmin,reward
0,8.0,15.357142857142858,8.043990447093108,Reaching goal,0.5285987263054197,0.36692016803692035
