,time (s),mean_local,std_local,collision_flag,dmin,reward
0,8.25,16.159192825112108,7.1306456628901715,Reaching goal,0.14948391575537834,0.37739161263326443
