,time (s),mean_local,std_local,collision_flag,dmin,reward
0,6.0,16.041666666666668,9.029946320746074,Collision,0.02769649585394829,-0.19855424592142892
