,time (s),mean_local,std_local,collision_flag,dmin,reward
0,8.25,15.465116279069768,7.2277957350792335,Reaching goal,0.24875733619168622,0.3661224115853912
