,time (s),mean_local,std_local,collision_flag,dmin,reward
0,8.5,15.80379746835443,7.251938946973182,Reaching goal,0.6012959162512599,0.36848477119255824
