,time (s),mean_local,std_local,collision_flag,dmin,reward
0,7.0,15.90632318501171,7.228497618172545,Collision,0.21205922490464008,-0.26626951315716196
