,time (s),mean_local,std_local,collision_flag,dmin,reward
0,8.25,15.311572700296736,7.392811663514255,Reaching goal,0.5010216702670109,0.3424874674609293
