,time (s),mean_local,std_local,collision_flag,dmin,reward
0,5.75,15.406666666666666,7.307922641444239,Collision,0.06026316136394516,-0.16716307153106366
