,time (s),mean_local,std_local,collision_flag,dmin,reward
0,5.75,16.071428571428573,7.156311920954635,Collision,0.18614490909066583,-0.1729402182230142
