,time (s),mean_local,std_local,collision_flag,dmin,reward
0,4.25,14.667353244078269,7.271514835997454,Collision,0.004593926565737982,-0.21109015241357043
