,time (s),mean_local,std_local,collision_flag,dmin,reward
0,8.5,16.086484137331595,7.140722157601458,Reaching goal,0.24194163981513112,0.30386485830724924
