,time (s),mean_local,std_local,collision_flag,dmin,reward
0,8.25,15.714285714285714,7.2774558182136095,Reaching goal,0.7402403621919016,0.39433446494831215
