,time (s),mean_local,std_local,collision_flag,dmin,reward
0,6.5,15.848863636363637,7.206917357621549,Collision,0.01793457594153347,-0.23134123240729
