,time (s),mean_local,std_local,collision_flag,dmin,reward
0,8.0,16.146046159667044,7.13969644298041,Reaching goal,0.6684579869309237,0.3484432058856905
