,time (s),mean_local,std_local,collision_flag,dmin,reward
0,4.25,14.66345062429058,7.197845647399894,Collision,0.24138220287358775,-0.1820682435950331
