,time (s),mean_local,std_local,collision_flag,dmin,reward
0,4.25,14.644945697577276,7.239551969310636,Collision,0.08895819263865501,-0.18777420490689395
