,time (s),mean_local,std_local,collision_flag,dmin,reward
0,4.5,14.647058823529411,7.903395967561615,Collision,0.4492592486545906,-0.1978846434979969
