,time (s),mean_local,std_local,collision_flag,dmin,reward
0,5.5,16.066426364572607,7.15016333630386,Collision,0.13565268063735647,-0.1640460708858617
