,time (s),mean_local,std_local,collision_flag,dmin,reward
0,7.75,16.116742833402576,7.139484970462671,Collision,0.22859983422306668,-0.2924907503118764
