,time (s),mean_local,std_local,collision_flag,dmin,reward
0,7.0,16.038187702265372,7.137700033212422,Collision,0.0657861609706416,-0.22215462786837065
