,time (s),mean_local,std_local,collision_flag,dmin,reward
0,4.75,14.77,7.304442331744277,Collision,0.09891409256401251,-0.2412186023710495
