,time (s),mean_local,std_local,collision_flag,dmin,reward
0,6.0,16.026979472140763,7.178689501470508,Collision,0.04531122933894394,-0.19331379268736018
