,time (s),mean_local,std_local,collision_flag,dmin,reward
0,8.5,14.930099857346647,7.394871848918398,Reaching goal,0.2155647568395927,0.2373322482486635
