,time (s),mean_local,std_local,collision_flag,dmin,reward
0,6.0,16.04371289800324,7.1484701587097055,Collision,0.23084883385895255,-0.17504923709484957
