,time (s),mean_local,std_local,collision_flag,dmin,reward
0,6.0,16.12494929006085,7.139738679050964,Collision,0.20831227075773878,-0.18178915581556684
