,time (s),mean_local,std_local,collision_flag,dmin,reward
0,8.0,16.072164948453608,7.15502741695415,Reaching goal,1.0464185780981867,0.37320528834422767
