,time (s),mean_local,std_local,collision_flag,dmin,reward
0,8.5,16.056246888999503,7.143297690300774,Reaching goal,0.2933044044745499,0.2682819309397809
