,time (s),mean_local,std_local,collision_flag,dmin,reward
0,7.75,15.537931034482758,7.299523545769529,Collision,0.25033943966030986,-0.22418342786158224
