,time (s),mean_local,std_local,collision_flag,dmin,reward
0,10.0,14.890243902439025,7.887944023389197,Collision,0.052284971860092844,-0.35550553648616373
