,time (s),mean_local,std_local,collision_flag,dmin,reward
0,3.75,13.766666666666667,7.380417031276455,Collision,0.06838914660573514,-0.1875529059692892
