,time (s),mean_local,std_local,collision_flag,dmin,reward
0,4.0,14.667379679144386,7.304350405419264,Collision,0.2555379773345479,-0.1833442882555046
