,time (s),mean_local,std_local,collision_flag,dmin,reward
0,6.25,16.138867339022497,7.149904530240628,Collision,0.42265557071013876,-0.19834039400636605
