,time (s),mean_local,std_local,collision_flag,dmin,reward
0,6.0,16.02619207521827,7.136394415805215,Collision,0.009491375501957111,-0.1853549112119225
