,time (s),mean_local,std_local,collision_flag,dmin,reward
0,8.75,16.02081316553727,7.147529343643093,Reaching goal,0.5748065274549148,0.16432145370275944
