,time (s),mean_local,std_local,collision_flag,dmin,reward
0,8.75,15.751322751322752,7.2654914476032975,Collision,1.0209198376021857,-0.4090474625876411
