,time (s),mean_local,std_local,collision_flag,dmin,reward
0,8.5,16.073463935886018,7.141580501660698,Reaching goal,0.20796339433329863,0.2797968078323543
