,time (s),mean_local,std_local,collision_flag,dmin,reward
0,8.5,16.160746979128525,7.128481202947084,Reaching goal,0.81305940926101,0.35760340502500054
