,time (s),mean_local,std_local,collision_flag,dmin,reward
0,5.75,15.627906976744185,7.281980805829068,Collision,0.1876500338082434,-0.18148620175079452
