,time (s),mean_local,std_local,collision_flag,dmin,reward
0,6.75,15.961848862802642,7.16025633826672,Collision,0.04683375190545558,-0.2002736687884791
