,time (s),mean_local,std_local,collision_flag,dmin,reward
0,5.0,14.594496365524403,7.141512098113016,Collision,0.04942206844886454,-0.19742909260721508
