,time (s),mean_local,std_local,collision_flag,dmin,reward
0,6.0,16.105017006802722,7.144079085935802,Collision,0.21658535891994496,-0.20092967195224673
