,time (s),mean_local,std_local,collision_flag,dmin,reward
0,8.25,16.063866513233602,7.165233428880848,Reaching goal,0.49938017314537847,0.36811022896980516
