,time (s),mean_local,std_local,collision_flag,dmin,reward
0,5.25,16.071460079400087,7.136220213506462,Collision,0.3682740252296231,-0.16828310676201874
