,time (s),mean_local,std_local,collision_flag,dmin,reward
0,6.75,16.102663230240548,7.136929739256298,Collision,0.010899177427389661,-0.20635609916828546
