,time (s),mean_local,std_local,collision_flag,dmin,reward
0,9.0,15.880145278450364,7.224448535181756,Reaching goal,0.2552915743232332,0.24440760998664773
