,time (s),mean_local,std_local,collision_flag,dmin,reward
0,4.25,14.632478632478632,7.166560274223146,Collision,0.022926574390012333,-0.19041423410693992
