,time (s),mean_local,std_local,collision_flag,dmin,reward
0,4.25,13.676328502415458,7.4785729378519905,Collision,0.015731603261816107,-0.18899694823453422
