,time (s),mean_local,std_local,collision_flag,dmin,reward
0,8.25,16.133016627078383,7.138803291587912,Reaching goal,0.6875945853239371,0.3797713374384967
