,time (s),mean_local,std_local,collision_flag,dmin,reward
0,8.5,16.050300710770912,7.137996662630101,Reaching goal,0.8086844881230411,0.3534253733001623
