,time (s),mean_local,std_local,collision_flag,dmin,reward
0,5.0,14.927835051546392,7.3517967825256765,Collision,0.003999594416412067,-0.22016186991091713
