,time (s),mean_local,std_local,collision_flag,dmin,reward
0,8.25,15.192893401015228,7.750772043012768,Reaching goal,0.6487058534724757,0.33375659797878104
