,time (s),mean_local,std_local,collision_flag,dmin,reward
0,8.5,16.005460750853242,7.13420622829514,Reaching goal,0.9534733715637269,0.3493028602811608
