,time (s),mean_local,std_local,collision_flag,dmin,reward
0,4.25,14.95125348189415,7.369977291766293,Collision,0.02650772187078876,-0.20997936231416273
