,time (s),mean_local,std_local,collision_flag,dmin,reward
0,9.0,15.970009372071228,7.157947608378976,Reaching goal,0.7126717739866837,0.3274685874955463
