,time (s),mean_local,std_local,collision_flag,dmin,reward
0,4.0,14.636116152450091,7.270323699417558,Collision,0.05325346584191826,-0.1985876669358218
