,time (s),mean_local,std_local,collision_flag,dmin,reward
0,8.5,16.070833333333333,7.145451884862768,Reaching goal,0.8940793112921412,0.2887361519403674
