,time (s),mean_local,std_local,collision_flag,dmin,reward
0,8.25,16.068524440383737,7.162848969538047,Reaching goal,0.8958678676118652,0.34840803500419426
