,time (s),mean_local,std_local,collision_flag,dmin,reward
0,5.0,16.022364217252395,7.14667049770794,Collision,0.08639681263693755,-0.1657886220527544
