,time (s),mean_local,std_local,collision_flag,dmin,reward
0,6.0,15.95417048579285,7.181023758634999,Collision,0.0006898903388821154,-0.28500692909667946
