,time (s),mean_local,std_local,collision_flag,dmin,reward
0,8.25,16.14821907315205,7.145841867899843,Reaching goal,0.46236549624943907,0.3479995043433969
