,time (s),mean_local,std_local,collision_flag,dmin,reward
0,7.0,16.19096005606167,7.124946717106031,Collision,0.021981656284896567,-0.1917820210942464
