,time (s),mean_local,std_local,collision_flag,dmin,reward
0,4.75,14.54417670682731,7.39661380688029,Collision,0.07001974869126792,-0.19698373333184005
