,time (s),mean_local,std_local,collision_flag,dmin,reward
0,7.0,15.90339702760085,7.147238946168076,Collision,0.05047116382717265,-0.2166826997419976
