,time (s),mean_local,std_local,collision_flag,dmin,reward
0,8.25,15.451730418943534,7.206550710574637,Reaching goal,0.9464697134706062,0.34253183205858617
