,time (s),mean_local,std_local,collision_flag,dmin,reward
0,5.75,15.213815789473685,7.48575444763432,Collision,0.12329398198913644,-0.18266959769130767
