,time (s),mean_local,std_local,collision_flag,dmin,reward
0,5.0,13.706666666666667,7.352592891097822,Collision,0.012793390314368214,-0.21312585540455908
