,time (s),mean_local,std_local,collision_flag,dmin,reward
0,4.25,14.921815889029004,7.329323421868165,Collision,0.22990039891653052,-0.19311557256929834
