,time (s),mean_local,std_local,collision_flag,dmin,reward
0,7.0,14.923076923076923,8.686519515995757,Collision,0.041776792274767494,-0.29635445814241856
