,time (s),mean_local,std_local,collision_flag,dmin,reward
0,8.25,15.447306791569087,7.2750519128354245,Reaching goal,0.31109122267402484,0.36804408990144744
