,time (s),mean_local,std_local,collision_flag,dmin,reward
0,4.75,15.11574074074074,7.625525628962887,Collision,0.1831662561586811,-0.22531919448895033
