,time (s),mean_local,std_local,collision_flag,dmin,reward
0,6.75,16.007888349514563,7.1804454595270695,Collision,0.038871823000432904,-0.3120299912723423
