,time (s),mean_local,std_local,collision_flag,dmin,reward
0,8.75,15.973684210526315,7.124893691193106,Reaching goal,0.10384744271179025,0.26604606236493195
