,time (s),mean_local,std_local,collision_flag,dmin,reward
0,8.0,16.18814968814969,7.126732071613153,Reaching goal,0.6830883271059298,0.3523333358489157
