,time (s),mean_local,std_local,collision_flag,dmin,reward
0,8.25,16.068354430379745,7.155338704467101,Reaching goal,0.8293393472373656,0.35934624674761806
