,time (s),mean_local,std_local,collision_flag,dmin,reward
0,6.0,16.09638047138047,7.154115414947752,Collision,0.015012278455113659,-0.17615039723328266
