,time (s),mean_local,std_local,collision_flag,dmin,reward
0,8.75,16.0,7.149496764334432,Reaching goal,0.14167038815551758,0.26626566298357845
