,time (s),mean_local,std_local,collision_flag,dmin,reward
0,5.25,14.703925482368597,7.253019048813933,Collision,0.3055803176209651,-0.21011062570267736
