,time (s),mean_local,std_local,collision_flag,dmin,reward
0,5.0,13.933687002652519,7.464743333652616,Collision,0.02816756847460189,-0.22619209690136663
