,time (s),mean_local,std_local,collision_flag,dmin,reward
0,8.25,15.957219251336898,7.139962973225667,Reaching goal,1.1125009663017142,0.35290703162851306
