,time (s),mean_local,std_local,collision_flag,dmin,reward
0,6.75,15.953761755485893,7.144954153928131,Collision,0.0012404916733324,-0.23663690562551787
