,time (s),mean_local,std_local,collision_flag,dmin,reward
0,7.0,15.367123287671232,7.320230080868699,Collision,0.28243398538154857,-0.25239983436639435
