,time (s),mean_local,std_local,collision_flag,dmin,reward
0,4.25,14.678369905956114,7.230291719282715,Collision,0.04364200966896614,-0.21492905418987407
