,time (s),mean_local,std_local,collision_flag,dmin,reward
0,8.25,16.022605591909578,7.168123840844575,Reaching goal,0.33410913043376606,0.31779157510987255
