,time (s),mean_local,std_local,collision_flag,dmin,reward
0,4.75,14.693627450980392,7.2152146285274865,Collision,0.025147933282472446,-0.18270062987441726
