,time (s),mean_local,std_local,collision_flag,dmin,reward
0,6.75,16.133568350959656,7.1548660766737076,Collision,0.11443721505296478,-0.19333771263917102
