,time (s),mean_local,std_local,collision_flag,dmin,reward
0,4.25,13.862944162436548,7.407397692205152,Collision,0.027686251595939626,-0.21408016025669274
