,time (s),mean_local,std_local,collision_flag,dmin,reward
0,6.25,15.557024793388429,7.336006822980968,Collision,0.301358584456579,-0.1835077562795986
