,time (s),mean_local,std_local,collision_flag,dmin,reward
0,4.5,14.677067082683307,7.243174514356388,Collision,0.0017858910724707355,-0.21850999154549586
