,time (s),mean_local,std_local,collision_flag,dmin,reward
0,8.25,15.972778222578063,7.121898392776166,Reaching goal,0.8420915850469897,0.327813404785701
