,time (s),mean_local,std_local,collision_flag,dmin,reward
0,5.0,14.648803827751196,7.254901725567401,Collision,0.02095950433057292,-0.20103112114926325
