,time (s),mean_local,std_local,collision_flag,dmin,reward
0,8.25,16.064156945917286,7.145334075511068,Reaching goal,0.7558420590537898,0.35003681764480893
