,time (s),mean_local,std_local,collision_flag,dmin,reward
0,6.25,16.16206525636429,7.1337362135372295,Collision,0.1815863181149031,-0.17655838066929933
