,time (s),mean_local,std_local,collision_flag,dmin,reward
0,8.25,15.44927536231884,7.253971175748187,Reaching goal,0.03428697007876558,0.3809452811005669
