,time (s),mean_local,std_local,collision_flag,dmin,reward
0,5.5,16.063543599257883,7.167499522811921,Collision,0.0116360043789272,-0.17352813186069202
