,time (s),mean_local,std_local,collision_flag,dmin,reward
0,5.0,13.74705882352941,7.55299844215051,Collision,0.051753409451186116,-0.2226929276663624
