,time (s),mean_local,std_local,collision_flag,dmin,reward
0,8.75,15.983126110124333,7.1613403215314735,Reaching goal,0.2463385231089424,0.2770988390862844
