,time (s),mean_local,std_local,collision_flag,dmin,reward
0,6.0,15.618441971383147,7.3480826125793435,Collision,0.10264925274137482,-0.19428133134425107
