,time (s),mean_local,std_local,collision_flag,dmin,reward
0,7.25,16.04688463911166,7.184208673708107,Collision,0.32458590686445304,-0.19092214117667305
