,time (s),mean_local,std_local,collision_flag,dmin,reward
0,5.5,15.982578397212544,7.149209379056963,Collision,0.05506761444720909,-0.17330060947426276
