,time (s),mean_local,std_local,collision_flag,dmin,reward
0,7.25,15.436548223350254,7.311925053206926,Collision,0.036833893246272065,-0.22091111512208086
