,time (s),mean_local,std_local,collision_flag,dmin,reward
0,8.0,15.078291814946619,7.515648581097931,Reaching goal,1.1671072957780482,0.32418831426149525
