,time (s),mean_local,std_local,collision_flag,dmin,reward
0,7.0,16.125952667468912,7.136243624594151,Collision,0.178003571686987,-0.214846377598861
