,time (s),mean_local,std_local,collision_flag,dmin,reward
0,5.0,14.881141045958795,7.390198414957184,Collision,0.058264501681641656,-0.22511198505701732
