,time (s),mean_local,std_local,collision_flag,dmin,reward
0,8.5,15.879649890590809,7.173434571638066,Reaching goal,0.8771660812595687,0.3086339102298511
