,time (s),mean_local,std_local,collision_flag,dmin,reward
0,8.25,15.052208835341366,7.533145309469116,Reaching goal,0.3482697292489492,0.3180217236079984
