,time (s),mean_local,std_local,collision_flag,dmin,reward
0,5.5,16.04185130477597,7.142891390025241,Collision,0.04222222731707992,-0.16303520428505686
