,time (s),mean_local,std_local,collision_flag,dmin,reward
0,7.0,16.035596572181937,7.136122459766177,Collision,0.30510096629567524,-0.19784167658772792
