,time (s),mean_local,std_local,collision_flag,dmin,reward
0,5.0,14.677534084173088,7.198291412145884,Collision,0.012506131083962146,-0.1950327433087779
