,time (s),mean_local,std_local,collision_flag,dmin,reward
0,9.0,15.633082706766917,7.305829599437475,Reaching goal,0.0016409757972664085,0.2501545811183619
