,time (s),mean_local,std_local,collision_flag,dmin,reward
0,6.5,16.1823489010989,7.130075133246532,Collision,0.0912721623781656,-0.2117715390065691
