,time (s),mean_local,std_local,collision_flag,dmin,reward
0,8.5,15.896516393442623,7.17795950243408,Reaching goal,0.6457495013738086,0.33263477320490037
