,time (s),mean_local,std_local,collision_flag,dmin,reward
0,5.5,14.64516129032258,8.011275872357517,Collision,0.28918272024376895,-0.16976103506530155
