,time (s),mean_local,std_local,collision_flag,dmin,reward
0,4.5,14.835082458770614,7.409813488727519,Collision,0.1389306401526078,-0.2243010934707914
