,time (s),mean_local,std_local,collision_flag,dmin,reward
0,9.25,16.170559094125974,7.127287517634912,Collision,0.21731629642968803,-0.32603022984762564
