,time (s),mean_local,std_local,collision_flag,dmin,reward
0,8.25,15.94747274529237,7.199701021728609,Collision,0.2977383781232293,-0.27319859043790573
