,time (s),mean_local,std_local,collision_flag,dmin,reward
0,4.75,13.774410774410775,7.322279437986829,Collision,0.07495202471985463,-0.19485011325196683
