,time (s),mean_local,std_local,collision_flag,dmin,reward
0,8.25,16.173174872665534,7.141111773142633,Reaching goal,1.147944500400871,0.3397894154641439
