,time (s),mean_local,std_local,collision_flag,dmin,reward
0,8.25,16.171128798842258,7.131442578853196,Reaching goal,0.8693155436597493,0.3201530235744736
