,time (s),mean_local,std_local,collision_flag,dmin,reward
0,5.25,16.156840934371523,7.134510806716425,Collision,0.27574579029176643,-0.16951911223560978
