,time (s),mean_local,std_local,collision_flag,dmin,reward
0,5.0,14.645038167938932,7.1651312407011245,Collision,0.1704612902912157,-0.20554951736628996
