,time (s),mean_local,std_local,collision_flag,dmin,reward
0,5.0,14.617625637290605,7.243765858733469,Collision,0.05887915880502059,-0.19818031197600053
