,time (s),mean_local,std_local,collision_flag,dmin,reward
0,8.0,14.695681511470985,7.25047126588179,Collision,0.051943869112258345,-0.2648913330930903
