,time (s),mean_local,std_local,collision_flag,dmin,reward
0,5.5,15.967992240543161,7.177258496031299,Collision,0.010135949310663084,-0.16416907296630537
