,time (s),mean_local,std_local,collision_flag,dmin,reward
0,6.75,15.982784431137725,7.131810960498361,Collision,0.1510732955895926,-0.19269035417115732
