,time (s),mean_local,std_local,collision_flag,dmin,reward
0,4.0,14.664067186562688,7.2056881826962105,Collision,0.018932997770439552,-0.21239132525562238
