,time (s),mean_local,std_local,collision_flag,dmin,reward
0,6.75,16.016959798994975,7.1871317727579545,Collision,0.08744624363346964,-0.19640044282214156
