,time (s),mean_local,std_local,collision_flag,dmin,reward
0,8.25,15.989839119390346,7.147761743506936,Reaching goal,0.835434346079859,0.31311680660075164
