,time (s),mean_local,std_local,collision_flag,dmin,reward
0,8.5,16.075056433408577,7.169624030867561,Reaching goal,0.8222368617096136,0.32283398161614035
