,time (s),mean_local,std_local,collision_flag,dmin,reward
0,8.25,15.968481375358166,7.167291451323886,Reaching goal,0.7557964130982584,0.33662848820094804
