,time (s),mean_local,std_local,collision_flag,dmin,reward
0,5.25,14.687607573149743,7.257710099900239,Collision,0.018385119046218867,-0.22213586872135385
