,time (s),mean_local,std_local,collision_flag,dmin,reward
0,8.5,16.126177795985253,7.133626460677192,Reaching goal,0.3974331390039219,0.2991886871184431
