,time (s),mean_local,std_local,collision_flag,dmin,reward
0,5.75,16.060724233983287,7.1503698429191,Collision,0.12888843013956597,-0.19864563180273154
