,time (s),mean_local,std_local,collision_flag,dmin,reward
0,12.25,2.5918367346938775,1.39851768971525,Reaching goal,0.5838943143740756,0.25400496621355323
