,robot_x,robot_y,local_ppl_cnt
0,1.5308084989341915e-17,-3.75,1
1,3.061616997868383e-17,-3.5,2
2,-0.05099021447048183,-3.255255239017759,2
3,-0.17026016614466663,-3.0355402449285123,2
4,-0.22386774233655443,-2.791355421946348,5
5,-0.29982477933040963,-2.5531737086870927,6
6,-0.36730093436902833,-2.312451942946634,7
7,-0.5107913246850504,-2.107731382457572,9
8,-0.6306046956120245,-1.8883122489547817,11
9,-0.7614514069317493,-1.6752884518409086,11
10,-0.8573902682096116,-1.4444297615199524,12
