,local_ppl_cnt,vx,vy
0,1,6.123233995736766e-17,1.0
1,2,6.123233995736766e-17,1.0
2,3,6.123233995736766e-17,1.0
3,4,6.123233995736766e-17,1.0
4,5,6.123233995736766e-17,1.0
5,7,6.123233995736766e-17,1.0
6,7,6.123233995736766e-17,1.0
7,7,6.123233995736766e-17,1.0
8,10,6.123233995736766e-17,1.0
9,12,6.123233995736766e-17,1.0
10,15,6.123233995736766e-17,1.0
11,16,6.123233995736766e-17,1.0
12,18,6.123233995736766e-17,1.0
13,17,6.123233995736766e-17,1.0
14,18,6.123233995736766e-17,1.0
