,local_ppl_cnt,vx,vy
0,1,6.123233995736766e-17,1.0
1,2,6.123233995736766e-17,1.0
2,2,-0.20396085788192744,0.9789790439289638
3,2,-0.47707980669673916,0.878859976356986
4,5,-0.21443030476755126,0.9767392919286574
5,6,-0.30382814797542074,0.9527268530370212
6,7,-0.26990462015447486,0.9628870629618349
7,9,-0.5739615612640883,0.8188822419562475
8,11,-0.4792534837078964,0.8776765340111613
9,11,-0.5233868452788994,0.8520951884554925
10,12,-0.38375544511144927,0.9234347612838243
