,time (s),mean_local,std_local,collision_flag,dmin,reward
0,8.75,7.384280936454849,3.6295637264210736,Reaching goal,0.3003040633907626,0.30257373363212015
