,time (s),mean_local,std_local,collision_flag,dmin,reward
0,6.25,7.421686746987952,3.6458277257005727,Collision,0.26825875041666564,-0.24844797364545854
