,time (s),mean_local,std_local,collision_flag,dmin,reward
0,8.5,7.291576673866091,3.7009242757264134,Reaching goal,0.8377419148590037,0.30684148592586247
