,time (s),mean_local,std_local,collision_flag,dmin,reward
0,9.5,7.560283687943262,3.6268674218128893,Reaching goal,0.38343728120954396,0.258223742275625
