,time (s),mean_local,std_local,collision_flag,dmin,reward
0,5.5,7.4114238410596025,3.5821164466802724,Collision,0.05056014792811281,-0.20991687874860065
