,time (s),mean_local,std_local,collision_flag,dmin,reward
0,8.25,7.318181818181818,3.730135633690822,Reaching goal,1.5949456119640604,0.37433034784086266
