,time (s),mean_local,std_local,collision_flag,dmin,reward
0,8.25,7.3700787401574805,3.6375944552284243,Reaching goal,0.3607143200631649,0.394835891204895
