,time (s),mean_local,std_local,collision_flag,dmin,reward
0,8.0,7.1548607718612605,3.5912223456868033,Reaching goal,0.8204044996230893,0.3589722886752451
