,time (s),mean_local,std_local,collision_flag,dmin,reward
0,4.75,7.365489130434782,3.5945466364509704,Collision,0.5798779098581519,-0.2504242285004672
