,time (s),mean_local,std_local,collision_flag,dmin,reward
0,8.25,7.204005934718101,3.5171156715196403,Reaching goal,0.030802889730046634,0.31548281881104534
