,time (s),mean_local,std_local,collision_flag,dmin,reward
0,8.25,7.138709677419355,3.7926225005715812,Reaching goal,1.7985155024093713,0.37538027980504857
