,time (s),mean_local,std_local,collision_flag,dmin,reward
0,6.0,7.2228682170542635,3.5416596411345074,Collision,0.16608024587232417,-0.19706705485950549
