,time (s),mean_local,std_local,collision_flag,dmin,reward
0,8.25,7.242424242424242,2.7637293976897825,Reaching goal,0.9329703546738317,0.3518860379535657
