,time (s),mean_local,std_local,collision_flag,dmin,reward
0,8.25,7.187265917602996,3.547013372931881,Reaching goal,0.9287305476425951,0.384907011548716
