,time (s),mean_local,std_local,collision_flag,dmin,reward
0,8.0,7.176724137931035,3.777820734049296,Reaching goal,0.13176900910236633,0.3102993993502734
