,time (s),mean_local,std_local,collision_flag,dmin,reward
0,5.25,7.1687830687830685,3.5530118530724217,Collision,0.07873380024338406,-0.23678326167864044
