,time (s),mean_local,std_local,collision_flag,dmin,reward
0,10.0,7.36734693877551,3.629670869455626,Reaching goal,0.8795847956813876,0.24059347937615308
