,time (s),mean_local,std_local,collision_flag,dmin,reward
0,6.0,7.186335403726708,3.7853181048077174,Collision,0.05477483514697201,-0.21071625018578782
