,time (s),mean_local,std_local,collision_flag,dmin,reward
0,9.0,7.234680573663624,3.7293993030152413,Reaching goal,0.06973704921266266,0.298373882459418
