,time (s),mean_local,std_local,collision_flag,dmin,reward
0,9.75,7.321826280623608,3.6576782900034193,Reaching goal,0.5150890059771291,0.23227511107949123
