,time (s),mean_local,std_local,collision_flag,dmin,reward
0,8.25,7.429173693086003,3.5908529322377656,Reaching goal,0.914950160418518,0.3525809946120398
