,time (s),mean_local,std_local,collision_flag,dmin,reward
0,5.75,7.152530779753762,3.4938861625958078,Collision,0.13581593631768207,-0.19549537290633534
