,time (s),mean_local,std_local,collision_flag,dmin,reward
0,8.5,7.356648731744811,3.641560741456955,Reaching goal,0.33479846271153996,0.19050716434412754
