,time (s),mean_local,std_local,collision_flag,dmin,reward
0,8.25,7.355888429752066,3.5950632524623227,Reaching goal,1.1283307947796808,0.38262430281552207
