,time (s),mean_local,std_local,collision_flag,dmin,reward
0,8.75,7.355064456721915,3.6239289578590808,Reaching goal,0.07763155299319535,0.22923926853251475
