,time (s),mean_local,std_local,collision_flag,dmin,reward
0,5.25,7.142506142506143,3.5251760873071953,Collision,0.2163757217782732,-0.18547457113287524
