,time (s),mean_local,std_local,collision_flag,dmin,reward
0,5.5,7.0462046204620465,3.647573964447776,Collision,0.07314819859501476,-0.17758074239790805
