,time (s),mean_local,std_local,collision_flag,dmin,reward
0,6.75,7.1378008494572915,3.5978706245021166,Collision,0.18295758648853988,-0.21665111844507318
