,time (s),mean_local,std_local,collision_flag,dmin,reward
0,5.75,7.35799859055673,3.625834862040952,Collision,0.01993534084787507,-0.160357136356845
