,time (s),mean_local,std_local,collision_flag,dmin,reward
0,5.0,7.2,3.7321884691465903,Collision,0.09045575506029924,-0.1873991100841633
