,time (s),mean_local,std_local,collision_flag,dmin,reward
0,8.5,7.376004592422503,3.5960429994245415,Reaching goal,0.6692079682316658,0.34975869580300056
