,time (s),mean_local,std_local,collision_flag,dmin,reward
0,9.0,7.156676312525837,3.6079937246989515,Reaching goal,0.6296647248303817,0.25848161593497343
