,time (s),mean_local,std_local,collision_flag,dmin,reward
0,6.5,7.173076923076923,3.767120680951444,Collision,0.45227246548138106,-0.2120758185470687
