,time (s),mean_local,std_local,collision_flag,dmin,reward
0,8.5,7.359826589595376,3.5951965342965395,Reaching goal,0.8211678375105145,0.3350072589648795
