,time (s),mean_local,std_local,collision_flag,dmin,reward
0,9.25,7.191214470284238,3.6065724275179516,Reaching goal,0.07965540732920395,0.14068112537426722
