,time (s),mean_local,std_local,collision_flag,dmin,reward
0,9.0,7.2086648983200705,3.5216590269905663,Reaching goal,0.35625263153361947,0.2852620563217335
