,time (s),mean_local,std_local,collision_flag,dmin,reward
0,5.0,7.1874039938556065,3.6073905859861033,Collision,0.03012101175810089,-0.22987623008706448
