,time (s),mean_local,std_local,collision_flag,dmin,reward
0,8.25,7.36322188449848,3.5702225862695043,Reaching goal,0.9350065800134026,0.3483678522322177
