,time (s),mean_local,std_local,collision_flag,dmin,reward
0,6.5,7.353363814500327,3.595649284824835,Collision,0.15669390729918475,-0.20481944590836815
