,time (s),mean_local,std_local,collision_flag,dmin,reward
0,6.0,7.409090909090909,3.5840803061714714,Collision,0.3039700627747411,-0.16945562678700526
