,time (s),mean_local,std_local,collision_flag,dmin,reward
0,9.0,7.343312409464027,3.6013909591426527,Reaching goal,0.2153300368428404,0.2734066037275071
