,time (s),mean_local,std_local,collision_flag,dmin,reward
0,6.75,7.370498614958449,3.646117280001724,Collision,0.1786470839987888,-0.24398307270230407
