,time (s),mean_local,std_local,collision_flag,dmin,reward
0,8.75,7.3468720821661995,3.6197194413716565,Reaching goal,1.287172034543604,0.3371828975626048
