,time (s),mean_local,std_local,collision_flag,dmin,reward
0,7.5,7.387331256490135,3.632455157145091,Collision,0.2070738667612973,-0.18151744758018956
