,time (s),mean_local,std_local,collision_flag,dmin,reward
0,8.75,7.221614227086183,3.7573636767280956,Reaching goal,1.0525897976951386,0.3251031628664477
