,time (s),mean_local,std_local,collision_flag,dmin,reward
0,8.75,7.176641487507263,3.5414291612625033,Reaching goal,0.4835223573843131,0.26228359541466606
