,time (s),mean_local,std_local,collision_flag,dmin,reward
0,8.0,7.350045998160073,3.630509010325842,Reaching goal,0.5362803687035185,0.3846234747246762
