,time (s),mean_local,std_local,collision_flag,dmin,reward
0,8.5,7.431924882629108,3.6279191974570724,Reaching goal,0.38974532509979715,0.24458100916226905
