,time (s),mean_local,std_local,collision_flag,dmin,reward
0,7.25,7.348062953995157,3.588964775626212,Collision,0.4096193934396291,-0.2066390045051939
