,time (s),mean_local,std_local,collision_flag,dmin,reward
0,8.5,7.227118644067796,3.791061320405689,Reaching goal,0.685531802014774,0.35100428424124097
