,time (s),mean_local,std_local,collision_flag,dmin,reward
0,8.5,7.3785185185185185,3.579114005514756,Reaching goal,0.42464968089559446,0.3415711269530374
