,time (s),mean_local,std_local,collision_flag,dmin,reward
0,8.25,7.3847171683757855,3.6332702860660726,Reaching goal,0.8078026888048144,0.3918334097715628
