,time (s),mean_local,std_local,collision_flag,dmin,reward
0,8.25,7.153950953678474,3.5963960810005924,Reaching goal,0.7008150232305825,0.3474344587234844
