,time (s),mean_local,std_local,collision_flag,dmin,reward
0,9.0,7.333649738965353,3.614848631429506,Reaching goal,1.0054258525984512,0.24689355005443012
