,time (s),mean_local,std_local,collision_flag,dmin,reward
0,9.0,7.164880040837162,3.5561379722383535,Reaching goal,0.07820757309119708,0.27719114311675447
