,time (s),mean_local,std_local,collision_flag,dmin,reward
0,7.75,7.344471744471744,3.597127253134903,Collision,0.9251115411749578,-0.25441100951163026
