,time (s),mean_local,std_local,collision_flag,dmin,reward
0,6.0,7.35655737704918,3.5812627590396082,Collision,0.3637377400875071,-0.1965261763876936
