,time (s),mean_local,std_local,collision_flag,dmin,reward
0,9.0,7.912621359223301,3.6366708239643954,Reaching goal,0.30571372093303345,0.28946307083968026
