,time (s),mean_local,std_local,collision_flag,dmin,reward
0,9.0,7.362697866483138,3.5912889009334683,Reaching goal,0.6309973289988517,0.1642626025798776
