,time (s),mean_local,std_local,collision_flag,dmin,reward
0,6.5,7.358381502890174,3.6034070273047525,Collision,0.3233576288470566,-0.18382079018104738
