,time (s),mean_local,std_local,collision_flag,dmin,reward
0,8.75,7.197959183673469,3.540378729649476,Reaching goal,0.6678904012591598,0.29778767039051124
