,time (s),mean_local,std_local,collision_flag,dmin,reward
0,6.25,7.1560798548094375,3.5167674927380297,Collision,0.09052602851650515,-0.18475971117117843
