,time (s),mean_local,std_local,collision_flag,dmin,reward
0,8.25,7.3683917640511964,3.59760359336934,Reaching goal,1.9246817060989485,0.3505543511817991
