,time (s),mean_local,std_local,collision_flag,dmin,reward
0,8.25,7.350035285815102,3.5984375283157335,Reaching goal,1.3470089744783724,0.3540926150161851
