,time (s),mean_local,std_local,collision_flag,dmin,reward
0,8.0,7.3810147299509,3.64265055446939,Reaching goal,1.1892599213668937,0.39172650372365186
