,time (s),mean_local,std_local,collision_flag,dmin,reward
0,9.75,7.368059887710543,3.591843246555946,Reaching goal,0.1885083674797573,0.2706257411872949
