,time (s),mean_local,std_local,collision_flag,dmin,reward
0,8.25,7.260504201680672,3.68255199305522,Reaching goal,0.9211251702526821,0.3602299978343203
