,time (s),mean_local,std_local,collision_flag,dmin,reward
0,5.0,7.086301369863014,3.6047083011768746,Collision,0.2858509021621088,-0.20635222390474936
