,time (s),mean_local,std_local,collision_flag,dmin,reward
0,9.25,7.274,3.7022863206402605,Reaching goal,0.15601034137569647,0.21943965123333445
