,time (s),mean_local,std_local,collision_flag,dmin,reward
0,8.25,7.2946058091286305,3.838050912002052,Reaching goal,1.4272756214251503,0.3602469141371666
