,time (s),mean_local,std_local,collision_flag,dmin,reward
0,8.25,7.4258456201214225,3.615989090644543,Reaching goal,0.38989615388944837,0.29307399787374544
