,time (s),mean_local,std_local,collision_flag,dmin,reward
0,5.0,7.360484314804623,3.5930038707913643,Collision,0.09945042789691338,-0.17712215015642477
