,time (s),mean_local,std_local,collision_flag,dmin,reward
0,8.5,7.092137592137592,3.556163919015298,Reaching goal,0.5671360970883272,0.38468065167441273
