,time (s),mean_local,std_local,collision_flag,dmin,reward
0,10.75,7.351340694006309,3.6297467258780234,Reaching goal,0.28951149296980244,0.2610268141982143
