,time (s),mean_local,std_local,collision_flag,dmin,reward
0,8.25,7.354494667343829,3.5909826348077925,Reaching goal,1.51352117048181,0.37337166709674174
