,time (s),mean_local,std_local,collision_flag,dmin,reward
0,8.25,7.3850415512465375,3.7495998768536145,Reaching goal,1.2764563063412666,0.3410648175821843
