,time (s),mean_local,std_local,collision_flag,dmin,reward
0,5.5,7.379818594104308,3.5831175019599257,Collision,0.0013803323214699459,-0.19228348158536154
