,time (s),mean_local,std_local,collision_flag,dmin,reward
0,8.0,7.359263657957245,3.582721590441755,Collision,0.18626684004269511,-0.24826323497077551
