,time (s),mean_local,std_local,collision_flag,dmin,reward
0,9.0,7.150375939849624,3.57608929497526,Reaching goal,1.7305786242265653,0.27467131396171734
