,time (s),mean_local,std_local,collision_flag,dmin,reward
0,8.25,7.349344978165939,3.6256118703081848,Reaching goal,0.8001855113430631,0.3718079916404848
