,time (s),mean_local,std_local,collision_flag,dmin,reward
0,6.0,7.190789473684211,3.6064603190771485,Collision,0.011587184438271891,-0.1947425931095328
