,time (s),mean_local,std_local,collision_flag,dmin,reward
0,6.0,7.40650406504065,3.921666723761709,Collision,0.27609050237705307,-0.19682145983132693
