,time (s),mean_local,std_local,collision_flag,dmin,reward
0,7.0,7.196428571428571,3.5320397372078673,Collision,0.230961294927786,-0.21590443440067342
