,time (s),mean_local,std_local,collision_flag,dmin,reward
0,8.5,7.369529983792544,3.585133591556424,Reaching goal,0.9338545028656511,0.3678744370297939
