,time (s),mean_local,std_local,collision_flag,dmin,reward
0,5.75,7.360713037399511,3.633495199247044,Collision,0.19116173109204682,-0.18430991811204978
