,time (s),mean_local,std_local,collision_flag,dmin,reward
0,8.25,7.325337985172263,3.6293191099033426,Reaching goal,1.983206326843291,0.38597779393884435
