,time (s),mean_local,std_local,collision_flag,dmin,reward
0,4.5,7.3888,3.5769308855497894,Collision,0.1536001624238924,-0.1898095871884502
