,time (s),mean_local,std_local,collision_flag,dmin,reward
0,8.75,7.347508591065292,3.622539783103388,Collision,0.7221121934748784,-0.2185755054669437
