,time (s),mean_local,std_local,collision_flag,dmin,reward
0,8.25,7.377456879261933,3.62965750294627,Reaching goal,1.037532563663161,0.3758765360675267
