,time (s),mean_local,std_local,collision_flag,dmin,reward
0,8.5,7.359857904085257,3.6226279159070325,Reaching goal,0.7772791995712929,0.37507272842607065
