,time (s),mean_local,std_local,collision_flag,dmin,reward
0,8.25,7.357835820895523,3.635943873830046,Collision,0.1503381823295159,-0.30117630423778696
