,time (s),mean_local,std_local,collision_flag,dmin,reward
0,8.25,7.363455149501661,3.604923730834161,Reaching goal,1.6895139611635681,0.33515084718023835
