,time (s),mean_local,std_local,collision_flag,dmin,reward
0,7.0,7.3478655767484105,3.642489128585947,Collision,0.31213626338560846,-0.2429894980917101
