,time (s),mean_local,std_local,collision_flag,dmin,reward
0,6.25,7.205504587155963,3.7133489635648727,Collision,0.025389577710090316,-0.1569221222172401
