,time (s),mean_local,std_local,collision_flag,dmin,reward
0,8.5,7.379357021996616,3.632795755493404,Reaching goal,0.4526397144958248,0.36203843965056814
