,time (s),mean_local,std_local,collision_flag,dmin,reward
0,5.75,7.17683615819209,3.5450012775599427,Collision,0.19090460792350905,-0.214169543816719
