,time (s),mean_local,std_local,collision_flag,dmin,reward
0,5.25,7.163543441226576,3.7170585698447502,Collision,0.09459300932922232,-0.2001901771121377
