,time (s),mean_local,std_local,collision_flag,dmin,reward
0,5.0,7.3530499075785585,3.5974851216977126,Collision,0.055873662946051006,-0.25938715488313846
