,time (s),mean_local,std_local,collision_flag,dmin,reward
0,9.0,7.126373626373627,3.8288188625712443,Reaching goal,0.9880735655187511,0.33200891411619116
