,time (s),mean_local,std_local,collision_flag,dmin,reward
0,8.5,7.1821048482459595,3.5998000404388053,Reaching goal,0.08259317897704621,0.23838470862464015
