,time (s),mean_local,std_local,collision_flag,dmin,reward
0,5.5,7.412143514259429,3.622905727634433,Collision,0.0547308451106584,-0.19940834596808332
