,time (s),mean_local,std_local,collision_flag,dmin,reward
0,6.5,7.349452210049113,3.640210968040389,Collision,0.511739421408042,-0.16617256955035137
