,time (s),mean_local,std_local,collision_flag,dmin,reward
0,6.5,7.364944059669686,3.5871829286242196,Collision,0.2953906994201217,-0.18930248219774778
