,time (s),mean_local,std_local,collision_flag,dmin,reward
0,8.25,7.13968253968254,3.564308952927252,Reaching goal,0.8660226699507991,0.35476089891574536
