,time (s),mean_local,std_local,collision_flag,dmin,reward
0,5.25,7.130975143403441,3.6030389241397183,Collision,0.047389075882194875,-0.16195174767516102
