,time (s),mean_local,std_local,collision_flag,dmin,reward
0,5.0,7.171686746987952,3.782574924373482,Collision,0.032231418853483684,-0.1878364467381755
