,time (s),mean_local,std_local,collision_flag,dmin,reward
0,8.25,7.339514066496164,3.5924685027007217,Reaching goal,1.6901340214309468,0.33019200148827965
