,time (s),mean_local,std_local,collision_flag,dmin,reward
0,8.25,7.3889321901792675,3.573187895402912,Reaching goal,1.6753686268242332,0.3990215581953281
