,time (s),mean_local,std_local,collision_flag,dmin,reward
0,8.75,7.407815631262525,3.625093328641191,Reaching goal,0.5085096293161999,0.2993360269487694
