,time (s),mean_local,std_local,collision_flag,dmin,reward
0,5.0,7.21455938697318,3.8724810991574157,Collision,0.224364469718575,-0.1788637542412253
