,time (s),mean_local,std_local,collision_flag,dmin,reward
0,8.5,7.223230490018149,3.6224603469221264,Reaching goal,0.661775496110945,0.3356832682727541
