,time (s),mean_local,std_local,collision_flag,dmin,reward
0,5.75,7.338426966292134,3.646156325849352,Collision,0.048922215117382595,-0.18058694012440768
