,time (s),mean_local,std_local,collision_flag,dmin,reward
0,8.25,7.606060606060606,3.9178900263985423,Reaching goal,1.0954900458770485,0.41593094529865576
