,time (s),mean_local,std_local,collision_flag,dmin,reward
0,8.25,7.369918699186992,3.635494284492436,Reaching goal,1.5094324344738546,0.34589028879067574
