,time (s),mean_local,std_local,collision_flag,dmin,reward
0,8.25,7.083333333333333,3.5819317473585457,Reaching goal,1.5119913070015363,0.34864404934114257
