,time (s),mean_local,std_local,collision_flag,dmin,reward
0,6.5,7.296856810244471,3.6749951911125573,Collision,0.3091426982564845,-0.21132930711439613
