,time (s),mean_local,std_local,collision_flag,dmin,reward
0,8.25,7.1569311246730605,3.5991077550652637,Reaching goal,0.7594616174649644,0.31947668077559344
