,time (s),mean_local,std_local,collision_flag,dmin,reward
0,8.25,7.357784969435455,3.626533523805488,Reaching goal,1.2720696966858525,0.38790196865341964
