,time (s),mean_local,std_local,collision_flag,dmin,reward
0,6.5,7.364647713226205,3.6277263321641806,Collision,0.33549717069245705,-0.2403383137954364
