,time (s),mean_local,std_local,collision_flag,dmin,reward
0,8.75,7.353697749196141,3.6334281838753486,Reaching goal,0.7684112870075015,0.21461214253898186
