,time (s),mean_local,std_local,collision_flag,dmin,reward
0,4.5,7.179282868525896,3.7602090891450413,Collision,0.0016275255664680577,-0.23762314775620166
