,time (s),mean_local,std_local,collision_flag,dmin,reward
0,8.5,7.460759493670886,3.7659842535322565,Reaching goal,0.2659132119612409,0.2924258444315358
