,time (s),mean_local,std_local,collision_flag,dmin,reward
0,8.0,7.359423676012461,3.6390519859331745,Reaching goal,1.4764751354741885,0.42194423561804295
