,time (s),mean_local,std_local,collision_flag,dmin,reward
0,8.25,7.320121951219512,3.7915933949901297,Reaching goal,0.458678611186252,0.2790312865875865
