,time (s),mean_local,std_local,collision_flag,dmin,reward
0,8.25,7.24625,3.6983930209619422,Reaching goal,0.5243788783027619,0.25428093754497294
