,time (s),mean_local,std_local,collision_flag,dmin,reward
0,8.75,7.335840707964602,3.633064535833172,Reaching goal,0.8011456477547556,0.340042738453605
