,time (s),mean_local,std_local,collision_flag,dmin,reward
0,5.25,7.201413427561837,3.6694322428074186,Collision,0.03148836893659801,-0.21435574483376074
