,time (s),mean_local,std_local,collision_flag,dmin,reward
0,5.75,7.198630136986301,3.8599096146236853,Collision,0.2922868810869073,-0.15177232334987778
