,time (s),mean_local,std_local,collision_flag,dmin,reward
0,4.75,7.352155665776421,3.644020587713683,Collision,0.3719449430963951,-0.17496339974664465
