,time (s),mean_local,std_local,collision_flag,dmin,reward
0,8.25,7.1911764705882355,3.5499775275320147,Reaching goal,1.0826206828996663,0.32608549832446876
