,time (s),mean_local,std_local,collision_flag,dmin,reward
0,8.25,7.430357142857143,3.6120542059518836,Reaching goal,1.04711430983607,0.36170454434536187
