,time (s),mean_local,std_local,collision_flag,dmin,reward
0,8.25,7.353240152477763,3.6330753697733624,Reaching goal,1.4857518033703037,0.382956644310573
