,time (s),mean_local,std_local,collision_flag,dmin,reward
0,8.5,7.363636363636363,3.718307485010254,Reaching goal,0.03152588218849328,0.3034897866099045
