,time (s),mean_local,std_local,collision_flag,dmin,reward
0,8.25,7.383123181377304,3.6508195462416575,Reaching goal,0.8877066699813223,0.40621073530890084
