,time (s),mean_local,std_local,collision_flag,dmin,reward
0,4.5,7.134816753926701,3.5121542654362328,Collision,0.07570190029756618,-0.22079233958808103
