,time (s),mean_local,std_local,collision_flag,dmin,reward
0,8.25,7.166087560806115,3.502536068483327,Reaching goal,1.6469696366296658,0.3838924048192648
