,time (s),mean_local,std_local,collision_flag,dmin,reward
0,8.75,7.350299401197605,3.5959953483131013,Reaching goal,1.0549407008534417,0.3140203284825784
