,local_ppl_cnt,vx,vy
0,1,6.123233995736766e-17,1.0
1,1,6.123233995736766e-17,1.0
2,2,6.123233995736766e-17,1.0
3,3,6.123233995736766e-17,1.0
4,3,6.123233995736766e-17,1.0
5,4,6.123233995736766e-17,1.0
6,6,6.123233995736766e-17,1.0
7,6,6.123233995736766e-17,1.0
8,9,6.123233995736766e-17,1.0
9,10,6.123233995736766e-17,1.0
10,10,6.123233995736766e-28,1e-11
11,10,6.123233995736766e-17,1.0
12,11,6.123233995736766e-17,1.0
13,10,6.123233995736766e-17,1.0
14,10,6.123233995736766e-28,1e-11
