,time (s),mean_local,std_local,collision_flag,dmin,reward
0,15.5,2.8318397469688983,1.618839545982503,Reaching goal,1.6601392344104084,0.20053873401593386
