,time (s),mean_local,std_local,collision_flag,dmin,reward
0,12.25,2.822079314040729,1.6182457673308472,Reaching goal,0.740741202524108,0.2824295364810001
