,time (s),mean_local,std_local,collision_flag,dmin,reward
0,18.25,2.9290060851926976,1.576008780891705,Reaching goal,0.19449676545586359,0.14456309170492182
