,time (s),mean_local,std_local,collision_flag,dmin,reward
0,13.25,2.809931506849315,1.613249081217285,Reaching goal,0.5464409216256529,0.2541865828329001
