,time (s),mean_local,std_local,collision_flag,dmin,reward
0,9.5,2.8666666666666667,1.5918922565297682,Reaching goal,1.7821247899752224,0.37734900772792057
