,time (s),mean_local,std_local,collision_flag,dmin,reward
0,13.5,2.8162291169451072,1.5221903904364031,Reaching goal,1.0427419633104458,0.2475786839702887
