,time (s),mean_local,std_local,collision_flag,dmin,reward
0,11.75,2.6318785578747628,1.7974177346310016,Reaching goal,0.3180137826591312,0.29770687126185896
