,time (s),mean_local,std_local,collision_flag,dmin,reward
0,14.75,2.879358437935844,1.5884276871385774,Reaching goal,0.2561791032698169,0.21545546532299642
