,time (s),mean_local,std_local,collision_flag,dmin,reward
0,11.5,2.9186952288218113,1.5821272491580303,Reaching goal,0.6812171422115227,0.3052291915987158
