,time (s),mean_local,std_local,collision_flag,dmin,reward
0,11.75,2.890181818181818,1.5991855778478912,Reaching goal,0.43381270401305533,0.29770687126185896
