,time (s),mean_local,std_local,collision_flag,dmin,reward
0,18.75,2.912224591329069,1.6092438500838813,Reaching goal,1.006893665660743,0.14005736852243214
