,time (s),mean_local,std_local,collision_flag,dmin,reward
0,14.75,2.8342749529190208,1.639562775221619,Reaching goal,0.7883949399615389,0.21702830914989518
