,time (s),mean_local,std_local,collision_flag,dmin,reward
0,12.75,2.817784256559767,1.5743123039672584,Reaching goal,0.32575795848466066,0.26628568087319443
