,time (s),mean_local,std_local,collision_flag,dmin,reward
0,11.5,2.6363858363858363,1.7662953864045006,Reaching goal,1.9333959306534358,0.30565269625961566
