,time (s),mean_local,std_local,collision_flag,dmin,reward
0,13.5,2.8786637251812164,1.613475940973544,Reaching goal,0.0412529360002275,0.24182944412594568
