,time (s),mean_local,std_local,collision_flag,dmin,reward
0,14.0,2.8297528297528296,1.6198930687117852,Reaching goal,1.7524876917039574,0.23155494509707988
