,time (s),mean_local,std_local,collision_flag,dmin,reward
0,15.0,2.8430160692212607,1.5361579547018256,Reaching goal,0.235357246244786,0.21110233300476375
