,time (s),mean_local,std_local,collision_flag,dmin,reward
0,12.5,2.913808664259928,1.5911728320459648,Reaching goal,0.5594796489118747,0.2734719321876038
