,time (s),mean_local,std_local,collision_flag,dmin,reward
0,10.5,2.8563899868247695,1.586897316869333,Reaching goal,0.8864781630448473,0.3396141069551285
