,time (s),mean_local,std_local,collision_flag,dmin,reward
0,10.25,2.844328552803129,1.621246172395009,Reaching goal,0.7410631540908381,0.3486784401000001
