,time (s),mean_local,std_local,collision_flag,dmin,reward
0,18.0,2.890297202797203,1.583274771661441,Reaching goal,1.7817059937965578,0.15410067553421983
