,time (s),mean_local,std_local,collision_flag,dmin,reward
0,12.5,2.7055555555555557,1.6455232947546645,Reaching goal,0.8486708207834062,0.2750874266336541
