,time (s),mean_local,std_local,collision_flag,dmin,reward
0,11.0,2.9048285514345698,1.606289397464868,Reaching goal,0.7318747570415742,0.32218623105067123
