,time (s),mean_local,std_local,collision_flag,dmin,reward
0,10.5,2.621784472769409,1.7603033723815906,Reaching goal,0.19452441768066986,0.3396141069551285
