,time (s),mean_local,std_local,collision_flag,dmin,reward
0,13.75,2.799321763415121,1.6101189654133898,Reaching goal,0.5516851041281992,0.24114256572210577
