,time (s),mean_local,std_local,collision_flag,dmin,reward
0,12.75,2.8381060391267368,1.6175741802525196,Reaching goal,0.5701190306182291,0.26793618413567305
