,time (s),mean_local,std_local,collision_flag,dmin,reward
0,16.5,2.8803329864724247,1.5859812147606613,Reaching goal,1.443102640905757,0.1804848606143405
