,time (s),mean_local,std_local,collision_flag,dmin,reward
0,17.25,2.844806908131446,1.6166997045373783,Reaching goal,1.6439896688758235,0.16637708081974464
