,time (s),mean_local,std_local,collision_flag,dmin,reward
0,11.0,2.8481091134531926,1.5903823487993751,Reaching goal,1.1270083644541968,0.32218623105067123
