,time (s),mean_local,std_local,collision_flag,dmin,reward
0,11.0,2.809632551380527,1.6237566457176829,Reaching goal,0.3953833660732278,0.32218623105067123
