,time (s),mean_local,std_local,collision_flag,dmin,reward
0,14.5,2.880061115355233,1.587327968725596,Reaching goal,0.4813498322035055,0.22282081557325983
