,time (s),mean_local,std_local,collision_flag,dmin,reward
0,9.5,2.8557947508109702,1.619375790662874,Reaching goal,2.729522551312486,0.37734900772792057
