,time (s),mean_local,std_local,collision_flag,dmin,reward
0,15.5,2.8778979907264297,1.6185525720665066,Reaching goal,0.21901599999558813,0.1942919092393301
