,time (s),mean_local,std_local,collision_flag,dmin,reward
0,12.25,2.632591093117409,1.8291473220909709,Reaching goal,0.1409650015818379,0.2818480142808893
