,time (s),mean_local,std_local,collision_flag,dmin,reward
0,13.25,2.9167579408543265,1.589144997166946,Reaching goal,0.020837136331180228,0.2529455707720478
