,time (s),mean_local,std_local,collision_flag,dmin,reward
0,11.0,2.6267217630853996,1.7929466941892205,Reaching goal,0.24581580531131403,0.3190666801360131
