,time (s),mean_local,std_local,collision_flag,dmin,reward
0,10.25,2.836155606407323,1.6180254241727736,Reaching goal,1.414530782626072,0.3486784401000001
