,time (s),mean_local,std_local,collision_flag,dmin,reward
0,11.75,2.6262488646684834,1.7612236188553856,Reaching goal,0.2655991956750455,0.29770687126185896
