,time (s),mean_local,std_local,collision_flag,dmin,reward
0,11.25,2.8886629384850027,1.589975137298812,Reaching goal,0.06696890495935015,0.3128251692129305
