,time (s),mean_local,std_local,collision_flag,dmin,reward
0,11.25,2.6660525103638877,1.782365130471449,Reaching goal,0.22624957952354002,0.31381059609000006
