,time (s),mean_local,std_local,collision_flag,dmin,reward
0,11.75,2.642507093113232,1.7643267295569376,Reaching goal,2.7705705506971334,0.29770687126185896
