,time (s),mean_local,std_local,collision_flag,dmin,reward
0,12.5,2.848066978576705,1.623156224907511,Reaching goal,0.5194691286787962,0.2750874266336541
