,time (s),mean_local,std_local,collision_flag,dmin,reward
0,10.25,2.8153846153846156,1.5481235062269885,Reaching goal,1.2594934536108002,0.3486784401000001
