,time (s),mean_local,std_local,collision_flag,dmin,reward
0,13.0,2.832914221849679,1.6195993889488416,Reaching goal,1.9292272285840053,0.26097084715104374
