,time (s),mean_local,std_local,collision_flag,dmin,reward
0,10.75,2.6973684210526314,1.7566395613433208,Reaching goal,0.5323450301475652,0.3307854125131766
