,time (s),mean_local,std_local,collision_flag,dmin,reward
0,15.25,2.811468472280999,1.6224865589919952,Reaching goal,0.42143651454925074,0.20578172473334902
