,time (s),mean_local,std_local,collision_flag,dmin,reward
0,12.25,2.916064671482628,1.601890843918948,Reaching goal,0.48622582569055145,0.27712414038105826
