,time (s),mean_local,std_local,collision_flag,dmin,reward
0,9.25,2.858549686660698,1.6033902227310415,Reaching goal,3.3415703819960343,0.3874204890000001
