,time (s),mean_local,std_local,collision_flag,dmin,reward
0,12.5,3.24,1.6069847541280533,Reaching goal,0.47658049552277865,0.2746850385002351
