,time (s),mean_local,std_local,collision_flag,dmin,reward
0,13.0,2.80177690029615,1.6106128776457025,Reaching goal,1.1919614307825526,0.26097084715104374
