,time (s),mean_local,std_local,collision_flag,dmin,reward
0,11.25,2.639914772727273,1.7921936132242426,Reaching goal,1.5165805828607248,0.3111869208778332
