,time (s),mean_local,std_local,collision_flag,dmin,reward
0,14.0,2.8626799557032117,1.6128540678542551,Reaching goal,0.6678910915989296,0.23487376243593935
