,time (s),mean_local,std_local,collision_flag,dmin,reward
0,13.25,2.831266089398549,1.6163324242266652,Reaching goal,3.287419867714489,0.2541865828329001
