,time (s),mean_local,std_local,collision_flag,dmin,reward
0,14.75,2.872394998396922,1.607454301967875,Reaching goal,0.04323994198326386,0.21209176064510066
