,time (s),mean_local,std_local,collision_flag,dmin,reward
0,10.0,2.8380952380952382,1.6208953042382432,Reaching goal,2.340743133269048,0.3579847011674125
