,time (s),mean_local,std_local,collision_flag,dmin,reward
0,11.75,2.8083197389885806,1.614815970570958,Reaching goal,0.6629176954508469,0.29770687126185896
