,time (s),mean_local,std_local,collision_flag,dmin,reward
0,13.5,2.890469887491727,1.5940352016013728,Reaching goal,0.2539972807003826,0.2475786839702887
