,time (s),mean_local,std_local,collision_flag,dmin,reward
0,16.0,2.8876712328767122,1.5793136367248448,Reaching goal,0.07854703582299749,0.17640460333537583
