,time (s),mean_local,std_local,collision_flag,dmin,reward
0,13.25,2.9004237288135593,1.581353150487135,Reaching goal,0.055512307284413476,0.23646854251739458
