,time (s),mean_local,std_local,collision_flag,dmin,reward
0,12.75,2.876991714467814,1.5941374832237405,Reaching goal,0.4536233305654321,0.26793618413567305
