,time (s),mean_local,std_local,collision_flag,dmin,reward
0,13.5,2.8027430415490118,1.612344141123124,Reaching goal,0.8492456813921601,0.2472083732375203
