,time (s),mean_local,std_local,collision_flag,dmin,reward
0,11.75,2.900925925925926,1.5900148712541424,Reaching goal,1.5099788339885767,0.29770687126185896
