,time (s),mean_local,std_local,collision_flag,dmin,reward
0,10.0,2.892296458561519,1.6174057195119325,Reaching goal,2.1525786972490417,0.3579847011674125
