,time (s),mean_local,std_local,collision_flag,dmin,reward
0,10.5,2.612621359223301,1.8324040981621001,Reaching goal,0.18228539004469946,0.3368079328957559
