,time (s),mean_local,std_local,collision_flag,dmin,reward
0,11.75,2.925459825750242,1.5947822735659325,Reaching goal,0.8026670093347765,0.29770687126185896
