,time (s),mean_local,std_local,collision_flag,dmin,reward
0,9.75,2.831460674157303,1.5881298099958006,Reaching goal,1.6742213860567063,0.3675393472368629
