,time (s),mean_local,std_local,collision_flag,dmin,reward
0,10.25,2.604954367666232,1.8065869530800176,Reaching goal,0.457543840845033,0.34749339349211866
