,time (s),mean_local,std_local,collision_flag,dmin,reward
0,14.25,2.8357449088960345,1.6209963152023479,Reaching goal,0.46350069950779776,0.2260810536913351
