,time (s),mean_local,std_local,collision_flag,dmin,reward
0,15.75,2.8170894526034713,1.5241453447921678,Reaching goal,0.3796490873336234,0.18443442451688716
