,time (s),mean_local,std_local,collision_flag,dmin,reward
0,12.0,2.9215143120960296,1.5904054189449834,Reaching goal,0.186545887570566,0.28996760794560417
