,time (s),mean_local,std_local,collision_flag,dmin,reward
0,11.0,2.8446490218642118,1.6180183713069656,Reaching goal,0.9764308824202446,0.32218623105067123
