,time (s),mean_local,std_local,collision_flag,dmin,reward
0,12.25,2.863671875,1.5788422236987407,Reaching goal,1.524559666731815,0.2824295364810001
