,time (s),mean_local,std_local,collision_flag,dmin,reward
0,12.75,2.891860465116279,1.5577798092215693,Reaching goal,1.4187377061075193,0.26793618413567305
