,time (s),mean_local,std_local,collision_flag,dmin,reward
0,16.75,2.7611336032388665,1.5649331356298515,Reaching goal,1.0531074089603243,0.16827517344276138
