,time (s),mean_local,std_local,collision_flag,dmin,reward
0,10.5,2.6224466375946753,1.754755152669814,Reaching goal,0.12138286155098021,0.33859268000518944
