,time (s),mean_local,std_local,collision_flag,dmin,reward
0,12.75,2.834967320261438,1.5874979796942552,Reaching goal,0.8658941677505503,0.26793618413567305
