,time (s),mean_local,std_local,collision_flag,dmin,reward
0,10.5,2.8457166057653267,1.584713351650205,Reaching goal,1.581523059290741,0.3396141069551285
