,time (s),mean_local,std_local,collision_flag,dmin,reward
0,10.25,2.6190030423589983,1.764494781269997,Reaching goal,0.45163824559763405,0.3486784401000001
