,time (s),mean_local,std_local,collision_flag,dmin,reward
0,11.5,2.8573099415204677,1.6137536834101665,Reaching goal,0.17669735800614983,0.30565269625961566
