,time (s),mean_local,std_local,collision_flag,dmin,reward
0,13.0,2.833224043715847,1.6241180840373983,Reaching goal,0.34276876079384505,0.26097084715104374
