,time (s),mean_local,std_local,collision_flag,dmin,reward
0,13.0,2.8563072227873856,1.619267695284376,Reaching goal,1.2747174854161056,0.2597612028842851
