,time (s),mean_local,std_local,collision_flag,dmin,reward
0,15.0,2.8634059051595586,1.6159287544647007,Reaching goal,0.07657519465119911,0.21129827865490383
