,time (s),mean_local,std_local,collision_flag,dmin,reward
0,10.25,2.8554778554778553,1.6199439017594455,Reaching goal,1.0244256108786969,0.3486784401000001
