,time (s),mean_local,std_local,collision_flag,dmin,reward
0,12.75,2.8433649289099527,1.615642156458962,Reaching goal,1.4916937928504481,0.26793618413567305
