,time (s),mean_local,std_local,collision_flag,dmin,reward
0,10.0,2.8101708873790407,1.6189999097831989,Reaching goal,0.24551791810285734,0.3579847011674125
