,time (s),mean_local,std_local,collision_flag,dmin,reward
0,10.25,2.8290727902946275,1.6199938506541867,Reaching goal,1.0065102636577172,0.3486784401000001
