,time (s),mean_local,std_local,collision_flag,dmin,reward
0,12.5,2.8733836206896552,1.5972843924678453,Reaching goal,0.5067942632167155,0.2750874266336541
