,time (s),mean_local,std_local,collision_flag,dmin,reward
0,13.75,2.838969764837626,1.6159354302927171,Reaching goal,0.2559349653405912,0.23931200482505677
