,time (s),mean_local,std_local,collision_flag,dmin,reward
0,15.25,2.837912087912088,1.620470706601259,Reaching goal,0.4614248106008268,0.20589113209464907
