,time (s),mean_local,std_local,collision_flag,dmin,reward
0,9.5,2.8797385620915033,1.600831461946796,Reaching goal,2.753916970602587,0.37734900772792057
