,time (s),mean_local,std_local,collision_flag,dmin,reward
0,11.75,2.8066205740624346,1.6236332575201657,Reaching goal,1.9165105927310948,0.29770687126185896
