,time (s),mean_local,std_local,collision_flag,dmin,reward
0,12.0,2.8502588610115493,1.579651738324878,Reaching goal,0.6854184724616625,0.28996760794560417
