,time (s),mean_local,std_local,collision_flag,dmin,reward
0,11.75,2.6134800550206325,1.8508289883826885,Reaching goal,1.1602931284864437,0.2926615680153197
