,time (s),mean_local,std_local,collision_flag,dmin,reward
0,15.25,2.8985849056603774,1.6034071346843033,Reaching goal,1.2063229450488853,0.20369011429986145
