,time (s),mean_local,std_local,collision_flag,dmin,reward
0,16.0,2.9338999055712938,1.593297159633185,Reaching goal,0.24924272261643826,0.1883320316332085
