,time (s),mean_local,std_local,collision_flag,dmin,reward
0,9.25,2.887736198592071,1.613092973040149,Reaching goal,2.1833821944199445,0.3874204890000001
