,time (s),mean_local,std_local,collision_flag,dmin,reward
0,12.75,2.8456692913385826,1.5897682644732438,Reaching goal,0.6218473711762555,0.26793618413567305
