,time (s),mean_local,std_local,collision_flag,dmin,reward
0,14.0,2.8840579710144927,1.5923495388129647,Reaching goal,0.08543138497982927,0.22853963656735127
