,time (s),mean_local,std_local,collision_flag,dmin,reward
0,11.0,2.88893653516295,1.5890160286694532,Reaching goal,1.6403208531142779,0.32218623105067123
