,time (s),mean_local,std_local,collision_flag,dmin,reward
0,10.0,2.8569989929506545,1.623466464243303,Reaching goal,2.389427749691497,0.3579847011674125
