,time (s),mean_local,std_local,collision_flag,dmin,reward
0,10.0,2.858285714285714,1.626012626403771,Reaching goal,2.2374963697792327,0.3579847011674125
