,time (s),mean_local,std_local,collision_flag,dmin,reward
0,12.75,2.8407451923076925,1.5930282068329324,Reaching goal,0.36279256021912737,0.26793618413567305
