,time (s),mean_local,std_local,collision_flag,dmin,reward
0,10.25,2.900398406374502,1.5814663125865394,Reaching goal,0.6598984583325271,0.3486784401000001
