,time (s),mean_local,std_local,collision_flag,dmin,reward
0,14.5,2.8782265411478893,1.6194393839571957,Reaching goal,0.5974479303200813,0.22282081557325983
