,time (s),mean_local,std_local,collision_flag,dmin,reward
0,12.75,2.8570838496489053,1.5907818682931032,Reaching goal,0.21651121224953812,0.2661869714155137
