,time (s),mean_local,std_local,collision_flag,dmin,reward
0,9.75,2.846829268292683,1.625393669424974,Reaching goal,2.3643321600266693,0.3675393472368629
