,time (s),mean_local,std_local,collision_flag,dmin,reward
0,10.5,2.8554502369668247,1.5755205246739823,Reaching goal,0.005361812409679145,0.3396141069551285
