,time (s),mean_local,std_local,collision_flag,dmin,reward
0,13.5,2.8903654485049834,1.6499089472517798,Reaching goal,0.3427441745869642,0.2475786839702887
