,time (s),mean_local,std_local,collision_flag,dmin,reward
0,9.75,2.8471702817252553,1.6240614252587888,Reaching goal,1.4777444379276967,0.3675393472368629
