,time (s),mean_local,std_local,collision_flag,dmin,reward
0,11.0,2.88580015026296,1.6075614019491735,Reaching goal,3.3563601791990347,0.32218623105067123
