,time (s),mean_local,std_local,collision_flag,dmin,reward
0,15.5,2.8591867469879517,1.5746169742918343,Reaching goal,0.9947883752858477,0.20034825276141421
