,time (s),mean_local,std_local,collision_flag,dmin,reward
0,11.25,2.849742268041237,1.6183069731504691,Reaching goal,1.0022753635902455,0.31381059609000006
