,time (s),mean_local,std_local,collision_flag,dmin,reward
0,8.75,2.8410884353741497,1.6259122522581377,Reaching goal,2.4190326636909947,0.4083770524854032
