,time (s),mean_local,std_local,collision_flag,dmin,reward
0,11.5,2.6211506326092144,1.7695985773160703,Reaching goal,0.7949536551587435,0.30565269625961566
