,time (s),mean_local,std_local,collision_flag,dmin,reward
0,11.25,2.6742292030250145,1.7880035167018618,Reaching goal,0.573870301952528,0.3133796821808087
