,time (s),mean_local,std_local,collision_flag,dmin,reward
0,14.5,2.82998010170241,1.61850444652603,Reaching goal,0.9079821082730375,0.22282081557325983
