,time (s),mean_local,std_local,collision_flag,dmin,reward
0,10.5,2.8428184281842817,1.5921414980106203,Reaching goal,1.1625672410779933,0.3396141069551285
