,time (s),mean_local,std_local,collision_flag,dmin
0,4.25,2.6470588235294117,1.7129670327718867,Collision,0.4939592237172799
