,time (s),mean_local,std_local,collision_flag,dmin
0,4.5,2.7777777777777777,1.7497795275581802,Collision,0.3597519636327909
