,time (s),mean_local,std_local,collision_flag,dmin,reward
0,5.0,3.3,1.8734993995195195,Collision,0.4017503822786899,-0.1789447221864428
