,time (s),mean_local,std_local,collision_flag,dmin,reward
0,9.75,16.5491873396065,6.178235324608343,Reaching goal,0.2558728348061999,0.2596678344918892
