,time (s),mean_local,std_local,collision_flag,dmin,reward
0,9.0,16.70794633642931,6.113507420086148,Reaching goal,0.16567119792917895,0.3128584049367612
