,time (s),mean_local,std_local,collision_flag,dmin,reward
0,9.5,16.664511494252874,6.168743448902186,Reaching goal,0.23701930158502688,0.299004752910031
