,time (s),mean_local,std_local,collision_flag,dmin,reward
0,9.25,16.73764458464774,6.101407529589724,Reaching goal,0.3859764208404011,0.3057413479223792
