,time (s),mean_local,std_local,collision_flag,dmin,reward
0,9.0,16.71801242236025,6.162094991403126,Reaching goal,0.365987867925983,0.3546686494904743
