,time (s),mean_local,std_local,collision_flag,dmin,reward
0,9.0,16.674197384066588,6.1602393983502965,Reaching goal,0.26437667480907373,0.2607735767746556
