,time (s),mean_local,std_local,collision_flag,dmin,reward
0,8.5,16.893127548048923,6.088977644134278,Reaching goal,0.33769812038113783,0.3520230671085725
