,time (s),mean_local,std_local,collision_flag,dmin,reward
0,8.75,16.797292352725943,6.101882285136686,Reaching goal,0.28596575575295874,0.32880448872235024
