,time (s),mean_local,std_local,collision_flag,dmin,reward
0,9.5,16.61842105263158,6.244753106934999,Reaching goal,0.3426674961619745,0.2865528080467222
