,time (s),mean_local,std_local,collision_flag,dmin,reward
0,9.5,16.59422492401216,6.182588805546342,Reaching goal,0.03841977035995958,0.28300288993758327
