,time (s),mean_local,std_local,collision_flag,dmin,reward
0,4.25,12.470588235294118,7.678217065246206,Collision,0.1207992921846357,-0.18987416205646254
