,time (s),mean_local,std_local,collision_flag,dmin,reward
0,8.75,16.719955282280605,6.111718330244929,Reaching goal,0.23998346966292222,0.3034349811446457
