,robot_x,robot_y,local_ppl_cnt
0,1.5308084989341915e-17,-3.75,0
1,3.061616997868383e-17,-3.5,0
2,0.014540635629943559,-3.232282337353195,1
3,0.005496416223966285,-2.933924341445149,1
4,-0.01532623404857168,-2.62874613074632,1
5,-0.0304821094047961,-2.316005244853631,1
6,-0.04359487955100168,-2.010615628018716,2
7,-0.05477419234945649,-1.7130061137933374,2
8,-0.07602854524206074,-1.4214474082021087,3
9,-0.13142782316875226,-1.1312254140659614,4
10,-0.1987698578142579,-0.8280012500175085,6
11,-0.26261140133967587,-0.5046290666472231,6
12,-0.37107159716262633,-0.1802388162376986,5
13,-0.4479975175765196,0.15885402186508696,5
14,-0.550901645249187,0.4509556350996941,5
15,-0.6060758559499175,0.7362775805727393,5
16,-0.6730517372408031,0.9708539530866866,5
17,-0.7264704886094944,1.1922268702991392,4
18,-0.6453893722447762,1.4051429373487794,4
19,-0.41320454113446425,1.6013492452402698,4
20,-0.12300766642859207,1.8261711900378907,3
21,0.17735837557401224,1.9383849946926786,2
22,0.5429511364489221,2.066481025763097,2
23,0.748995449801521,2.209996588624162,4
24,0.9068231042564777,2.3790967303213852,4
25,1.0648153142256056,2.6566786706466123,4
26,1.1636793432577883,2.9468659900963603,3
27,1.1378818514017905,3.1668675647414313,3
28,1.157894145509549,3.429750662186609,3
29,1.119143047135597,3.7162470728917727,3
30,1.176116472071358,3.9517174521893077,3
31,1.1928095299518504,4.135620743760206,2
32,1.208993646028361,4.241489942207139,2
33,1.2288553158207831,4.164110796460174,2
34,1.1493449832814007,4.11876611595018,1
35,1.0149108648219254,4.091417710852152,1
36,0.9606930153250344,4.060254285098514,1
37,0.9115520065017055,3.9983208616793453,1
38,0.8708267139606732,3.9989137443693172,1
39,0.8349626508772918,4.009791896721302,1
40,0.7826628336197319,3.8906828592986242,1
41,0.6423213113438406,3.8902445736866493,1
42,0.5116733562327738,3.9087266293049088,1
43,0.41515610709097,3.925265973299759,1
44,0.3382176950454509,3.9390154667411186,1
45,0.286135725445254,3.94840040366014,1
