,time (s),mean_local,std_local,collision_flag,dmin,reward
0,9.0,7.774370208105148,3.370758908907919,Reaching goal,0.6955829623311232,0.38384564678333105
