,time (s),mean_local,std_local,collision_flag,dmin,reward
0,10.0,7.705251270468662,3.415028165406027,Reaching goal,0.5381241246643211,0.3002179111999092
