,time (s),mean_local,std_local,collision_flag,dmin,reward
0,9.0,7.733502538071066,3.417730629538397,Reaching goal,0.5510044681527979,0.3869982570961503
