,time (s),mean_local,std_local,collision_flag,dmin,reward
0,8.5,7.462264150943396,3.192486841337184,Reaching goal,0.5373076552172258,0.4143841414023989
