,time (s),mean_local,std_local,collision_flag,dmin,reward
0,8.5,7.7779151215492375,3.3823322587006177,Reaching goal,0.7069877821631405,0.41615309231918485
