,time (s),mean_local,std_local,collision_flag,dmin,reward
0,8.5,7.566088117489986,3.450581622803103,Reaching goal,0.4142349309964917,0.39422320853658077
