,time (s),mean_local,std_local,collision_flag,dmin,reward
0,9.0,7.873509933774835,3.3536419263885526,Reaching goal,1.419753304305471,0.33773711976595117
