,time (s),mean_local,std_local,collision_flag,dmin,reward
0,8.5,7.875,3.3487754896070214,Reaching goal,0.7938594136735697,0.3919967829549287
