,time (s),mean_local,std_local,collision_flag,dmin,reward
0,8.5,7.402777777777778,3.1913934705627596,Reaching goal,0.9129337126487873,0.3922704408743818
