,time (s),mean_local,std_local,collision_flag,dmin,reward
0,9.75,7.76192353173039,3.3986364798863575,Reaching goal,0.5932830743412483,0.36373079711429823
