,time (s),mean_local,std_local,collision_flag,dmin,reward
0,9.5,7.74687816402295,3.433479456106242,Reaching goal,0.18623177921376244,0.3510408117020142
