,time (s),mean_local,std_local,collision_flag,dmin,reward
0,8.25,7.771112405358183,3.378565411120441,Reaching goal,1.0457286354458737,0.40764403738165317
