,time (s),mean_local,std_local,collision_flag,dmin,reward
0,9.0,7.789639639639639,3.3558313984234838,Reaching goal,0.8405891616162473,0.3629259698469907
