,time (s),mean_local,std_local,collision_flag,dmin,reward
0,17.25,1.528023598820059,1.259165542631262,Reaching goal,1.2918977221942163,0.11373571749477493
