,time (s),mean_local,std_local,collision_flag,dmin,reward
0,11.0,1.6109375,1.2894544858558405,Reaching goal,0.6065042522536919,0.26866325904321237
