,time (s),mean_local,std_local,collision_flag,dmin,reward
0,10.25,1.9268292682926829,1.5363917802949876,Reaching goal,0.4151511807070685,0.33559840528137885
