,time (s),mean_local,std_local,collision_flag,dmin,reward
0,11.5,1.6452372938404578,1.2734610973689902,Reaching goal,2.18454525026601,0.30565269625961566
