,time (s),mean_local,std_local,collision_flag,dmin,reward
0,11.5,1.631578947368421,1.2797828600517016,Reaching goal,2.1213674116917485,0.3016299623996111
