,time (s),mean_local,std_local,collision_flag,dmin,reward
0,10.0,1.6307506053268765,1.2659214924831586,Reaching goal,4.385367067153039,0.3579847011674125
