,time (s),mean_local,std_local,collision_flag,dmin,reward
0,11.75,1.5422396856581533,1.2985876011555595,Reaching goal,1.2812908088386858,0.29351268443288536
