,time (s),mean_local,std_local,collision_flag,dmin,reward
0,12.0,1.6425009589566553,1.2763240293533296,Reaching goal,0.8429383243419177,0.28929295983470726
