,time (s),mean_local,std_local,collision_flag,dmin,reward
0,13.25,1.5303776683087027,1.2500824361232834,Collision,1.7055572407227289,-0.14869287225490524
