,time (s),mean_local,std_local,collision_flag,dmin,reward
0,11.75,1.541994750656168,1.2354965252943608,Reaching goal,0.4139788260922153,0.2894430738695463
