,time (s),mean_local,std_local,collision_flag,dmin,reward
0,12.25,1.6178897090751194,1.24814111786389,Reaching goal,0.8728269636061248,0.22099757872187326
