,time (s),mean_local,std_local,collision_flag,dmin,reward
0,11.25,1.579242636746143,1.2379986513007597,Reaching goal,1.2963562099260229,0.31381059609000006
