,time (s),mean_local,std_local,collision_flag,dmin,reward
0,12.25,1.6241894558782068,1.2864416849668363,Reaching goal,1.875710091604503,0.2824295364810001
