,time (s),mean_local,std_local,collision_flag,dmin,reward
0,11.75,1.636412172984517,1.2535899734646034,Reaching goal,0.5179760211392122,0.2970428390441685
