,time (s),mean_local,std_local,collision_flag,dmin,reward
0,16.75,1.5878136200716846,1.2566647647061329,Reaching goal,0.17375177139984466,0.13240761416240265
