,time (s),mean_local,std_local,collision_flag,dmin,reward
0,12.25,1.5709281961471104,1.229296075292124,Reaching goal,0.453170448429481,0.21084277475080604
