,time (s),mean_local,std_local,collision_flag,dmin,reward
0,13.0,1.6200686106346485,1.2823371476280354,Reaching goal,1.5682441654207007,0.25611448397230313
