,time (s),mean_local,std_local,collision_flag,dmin,reward
0,11.0,1.6324345757335448,1.2710194431803568,Reaching goal,1.636587790473552,0.31252710403082345
