,time (s),mean_local,std_local,collision_flag,dmin,reward
0,12.0,1.5257452574525745,1.304573381402502,Reaching goal,0.9487608221298109,0.27679853336072147
