,time (s),mean_local,std_local,collision_flag,dmin,reward
0,11.25,1.5471204188481675,1.26950935864109,Reaching goal,1.6935116564522326,0.31381059609000006
