,time (s),mean_local,std_local,collision_flag,dmin,reward
0,12.0,1.5546935608999224,1.2401337874085478,Reaching goal,1.9247401697786908,0.2772347498317584
