,time (s),mean_local,std_local,collision_flag,dmin,reward
0,10.25,1.6249418334108887,1.2826840311415533,Reaching goal,0.23826984613395547,0.2559224624637915
