,time (s),mean_local,std_local,collision_flag,dmin,reward
0,10.75,1.5749690210656753,1.2639380907234221,Reaching goal,0.43077117263129355,0.23459449750127534
