,time (s),mean_local,std_local,collision_flag,dmin,reward
0,14.25,1.6119503188989595,1.306041757264199,Reaching goal,0.4671590529779844,0.19638786238653833
