,time (s),mean_local,std_local,collision_flag,dmin,reward
0,12.0,1.627538247566064,1.2895507852251553,Reaching goal,1.5821383045945132,0.27177083659538315
