,time (s),mean_local,std_local,collision_flag,dmin,reward
0,12.5,1.6373256373256373,1.2380343173435902,Reaching goal,1.7930929452223794,0.2750028176430046
