,time (s),mean_local,std_local,collision_flag,dmin,reward
0,11.75,1.640490390987409,1.273803454213918,Reaching goal,1.7981607366820398,0.29770687126185896
