,time (s),mean_local,std_local,collision_flag,dmin,reward
0,13.0,1.3967391304347827,1.3147119941642138,Reaching goal,1.926583670475045,0.26097084715104374
