,time (s),mean_local,std_local,collision_flag,dmin,reward
0,11.25,1.6344086021505377,1.301017163356046,Reaching goal,2.4563604366007232,0.30958538236259253
