,time (s),mean_local,std_local,collision_flag,dmin,reward
0,12.25,1.5680902497985496,1.2536799575058024,Reaching goal,1.3255283372647015,0.2824295364810001
