,time (s),mean_local,std_local,collision_flag,dmin,reward
0,10.5,1.5861344537815125,1.2581402903991041,Reaching goal,1.3820365207931458,0.29627697622211613
