,time (s),mean_local,std_local,collision_flag,dmin,reward
0,10.0,1.6171657919110836,1.308683986478355,Reaching goal,1.680388772064688,0.33607793915771206
