,time (s),mean_local,std_local,collision_flag,dmin,reward
0,12.0,1.6363293051359518,1.3005322406925504,Reaching goal,2.449748290299843,0.2886583001059767
