,time (s),mean_local,std_local,collision_flag,dmin,reward
0,12.25,1.6193866374589265,1.2537946156108246,Reaching goal,0.5088013301194423,0.2767551453933286
