,time (s),mean_local,std_local,collision_flag,dmin,reward
0,12.5,1.5803418803418803,1.270624001506072,Reaching goal,0.07790406753051249,0.26221884137394796
