,time (s),mean_local,std_local,collision_flag,dmin,reward
0,12.5,1.5298602287166454,1.2384399563854493,Reaching goal,0.5811934712483651,0.27450538601876806
