,time (s),mean_local,std_local,collision_flag,dmin,reward
0,11.5,1.6317581949765858,1.2541070610199534,Reaching goal,1.2735924218860923,0.3018115774340668
