,time (s),mean_local,std_local,collision_flag,dmin,reward
0,10.75,1.6283839212469238,1.256862349914408,Reaching goal,0.708022417456825,0.3307854125131766
