,time (s),mean_local,std_local,collision_flag,dmin,reward
0,8.25,1.5308027380211575,1.2428326600256188,Collision,2.643527344468957,-0.12815861929874295
