,time (s),mean_local,std_local,collision_flag,dmin,reward
0,9.75,1.6377923976608186,1.2833350800400896,Reaching goal,3.6566436728330993,0.3675393472368629
