,time (s),mean_local,std_local,collision_flag,dmin,reward
0,15.5,1.584045584045584,1.2517080318398643,Reaching goal,0.5991560200666892,0.20053873401593386
