,time (s),mean_local,std_local,collision_flag,dmin,reward
0,10.25,1.5118219749652295,1.266696289512528,Reaching goal,3.27614082295455,0.33117178200059183
