,time (s),mean_local,std_local,collision_flag,dmin,reward
0,11.0,1.616681455190772,1.2508759623368326,Reaching goal,0.711008633738843,0.32157502496799467
