,time (s),mean_local,std_local,collision_flag,dmin,reward
0,11.25,1.6105796285875071,1.2508907581365902,Reaching goal,1.147055124700123,0.30292629408224736
