,time (s),mean_local,std_local,collision_flag,dmin,reward
0,10.75,1.4838709677419355,1.340942560698486,Reaching goal,3.3168685061539747,0.33077681903514294
