,time (s),mean_local,std_local,collision_flag,dmin,reward
0,11.25,1.636993797883984,1.2968416196243258,Reaching goal,0.5001894353711014,0.31381059609000006
