,time (s),mean_local,std_local,collision_flag,dmin,reward
0,12.0,1.59375,1.2720049731764866,Reaching goal,1.6481471913274883,0.2801330763198725
