,time (s),mean_local,std_local,collision_flag,dmin,reward
0,12.75,1.5572105619498984,1.228860712608241,Reaching goal,1.7077938045668268,0.26064786638367876
