,time (s),mean_local,std_local,collision_flag,dmin,reward
0,4.75,1.5645664379288833,1.2716171650282508,Collision,0.5620456697876011,-0.17469356268558534
