,time (s),mean_local,std_local,collision_flag,dmin,reward
0,11.0,1.6312874942316566,1.2430515149053138,Reaching goal,2.7767904782321176,0.30046573000184557
