,time (s),mean_local,std_local,collision_flag,dmin,reward
0,12.25,1.616223908918406,1.2831052862767138,Reaching goal,0.27331580736807487,0.2779851156080137
