,time (s),mean_local,std_local,collision_flag,dmin,reward
0,11.5,1.5662563359884143,1.246337878197861,Collision,1.47000142688271,-0.08045976100326362
