,time (s),mean_local,std_local,collision_flag,dmin,reward
0,10.75,1.6285067873303167,1.2526901500151115,Reaching goal,2.787867917064504,0.32841463140922805
