,time (s),mean_local,std_local,collision_flag,dmin,reward
0,11.75,1.5649350649350648,1.26692178000429,Reaching goal,1.6972768524291513,0.2884996360717111
