,time (s),mean_local,std_local,collision_flag,dmin,reward
0,9.25,1.6346228995701446,1.2807182814999651,Reaching goal,2.228932774766311,0.3268936064651882
