,time (s),mean_local,std_local,collision_flag,dmin,reward
0,11.5,1.5542168674698795,1.278676009984808,Reaching goal,0.5895141662483241,0.2976644191819369
