,time (s),mean_local,std_local,collision_flag,dmin,reward
0,11.0,1.6316133246244284,1.2704833589778728,Reaching goal,1.9780068795227643,0.32218623105067123
