,time (s),mean_local,std_local,collision_flag,dmin,reward
0,10.75,1.6444444444444444,1.2819037470147867,Reaching goal,2.101678639284053,0.3141438134268949
