,time (s),mean_local,std_local,collision_flag,dmin,reward
0,12.0,1.534712950600801,1.266465632370841,Reaching goal,0.9511984828597753,0.2648236034694705
