,time (s),mean_local,std_local,collision_flag,dmin,reward
0,11.75,1.583180987202925,1.3087843174286227,Reaching goal,2.210170770271699,0.29770687126185896
