,time (s),mean_local,std_local,collision_flag,dmin,reward
0,12.5,1.6348490107601528,1.2723341309133973,Reaching goal,1.4479283535887792,0.2750874266336541
