,time (s),mean_local,std_local,collision_flag,dmin,reward
0,12.0,1.6410826844642195,1.2799715013746376,Reaching goal,1.512718492366309,0.28996760794560417
