,time (s),mean_local,std_local,collision_flag,dmin,reward
0,14.5,1.5958429561200924,1.2543435088343111,Reaching goal,1.2535215484947084,0.22003390775881118
