,time (s),mean_local,std_local,collision_flag,dmin,reward
0,16.5,1.6414523449319214,1.2373561474475003,Reaching goal,1.3619837150518428,0.15054643460945338
