,time (s),mean_local,std_local,collision_flag,dmin,reward
0,11.5,1.5348314606741573,1.2398291343793786,Reaching goal,0.8779553589982703,0.30565269625961566
