,time (s),mean_local,std_local,collision_flag,dmin,reward
0,10.5,1.6199644549763033,1.2795574615134524,Reaching goal,0.7123825711948091,0.3310828656635997
