,time (s),mean_local,std_local,collision_flag,dmin,reward
0,10.5,1.6328314715881496,1.289254087165433,Reaching goal,1.5179264938629875,0.3396141069551285
