,time (s),mean_local,std_local,collision_flag,dmin,reward
0,9.25,1.7179487179487178,1.4579352795722567,Reaching goal,2.599321979032286,0.37717855211718754
