,time (s),mean_local,std_local,collision_flag,dmin,reward
0,12.5,1.7,1.4317821063276353,Reaching goal,0.1982264892682516,0.2750874266336541
