,time (s),mean_local,std_local,collision_flag,dmin,reward
0,10.5,1.6394865987164968,1.2774298383814513,Reaching goal,0.7241603442021116,0.33455864025574694
