,time (s),mean_local,std_local,collision_flag,dmin,reward
0,12.25,1.6136290581806494,1.3064120147475697,Reaching goal,1.0163676311163063,0.2824295364810001
