,time (s),mean_local,std_local,collision_flag,dmin,reward
0,12.0,1.2269503546099292,1.295758461459209,Reaching goal,2.2494318726378753,0.2782646025843532
