,time (s),mean_local,std_local,collision_flag,dmin,reward
0,12.0,1.6282958199356914,1.27784862005259,Reaching goal,2.0701697581840564,0.28996760794560417
