,time (s),mean_local,std_local,collision_flag,dmin,reward
0,11.75,1.610989010989011,1.266773226142962,Reaching goal,2.8991906841032984,0.29770687126185896
