,time (s),mean_local,std_local,collision_flag,dmin,reward
0,10.5,1.6154080389768575,1.2784235345244532,Reaching goal,1.8896642454694217,0.3083426680487426
