,time (s),mean_local,std_local,collision_flag,dmin,reward
0,12.5,1.566275167785235,1.2393046673481376,Reaching goal,0.9555190016612483,0.25763728660367247
