,time (s),mean_local,std_local,collision_flag,dmin,reward
0,11.0,1.4579439252336448,1.2674725789099512,Reaching goal,0.771031478970658,0.25689063282294644
