,time (s),mean_local,std_local,collision_flag,dmin,reward
0,9.25,1.6365889935547844,1.282702072571223,Reaching goal,2.430978058666818,0.3421237005566066
