,time (s),mean_local,std_local,collision_flag,dmin,reward
0,12.5,1.5890410958904109,1.296313174979795,Reaching goal,1.7657934174224474,0.27490434475749087
