,time (s),mean_local,std_local,collision_flag,dmin,reward
0,13.5,1.4242424242424243,1.3149559971967961,Reaching goal,0.48387459587902587,0.24104729027528365
