,time (s),mean_local,std_local,collision_flag,dmin,reward
0,6.0,1.6170588235294117,1.2796381138517816,Collision,0.11771744083205582,-0.1735997720319302
