,time (s),mean_local,std_local,collision_flag,dmin,reward
0,12.25,1.6398563734290843,1.282358680508514,Reaching goal,0.76540308136179,0.2808293438998209
