,time (s),mean_local,std_local,collision_flag,dmin,reward
0,11.75,1.6182857142857143,1.2892998891187546,Reaching goal,1.934791538033499,0.2954324542325446
