,time (s),mean_local,std_local,collision_flag,dmin,reward
0,11.0,1.6384976525821595,1.246482557191683,Reaching goal,0.47852911404391835,0.32218623105067123
