,time (s),mean_local,std_local,collision_flag,dmin,reward
0,11.25,1.6439024390243901,1.282579527836151,Reaching goal,0.49393309019806925,0.30361815789729746
