,time (s),mean_local,std_local,collision_flag,dmin,reward
0,14.0,1.6210892236384704,1.247521842975884,Reaching goal,0.7034191126262836,0.2297215616551761
