,time (s),mean_local,std_local,collision_flag,dmin,reward
0,11.0,1.6401318888365521,1.2416581310110117,Reaching goal,0.628359524651273,0.2986034434791542
