,time (s),mean_local,std_local,collision_flag,dmin,reward
0,9.75,1.5459132189707365,1.257735278512199,Reaching goal,3.074660659766837,0.3675393472368629
