,time (s),mean_local,std_local,collision_flag,dmin,reward
0,10.0,1.5645013723696248,1.2459275483965995,Reaching goal,0.4512113729972725,0.3106004619108388
