,time (s),mean_local,std_local,collision_flag,dmin,reward
0,11.5,1.6476096599310004,1.232275201378456,Reaching goal,1.462494722377461,0.30565269625961566
