,time (s),mean_local,std_local,collision_flag,dmin,reward
0,10.75,1.5709728867623605,1.2726992917822928,Reaching goal,1.387471886317393,0.3307854125131766
