,time (s),mean_local,std_local,collision_flag,dmin,reward
0,11.5,1.625052192066806,1.2581752483347994,Reaching goal,1.3722696164065888,0.2810692624113259
