,time (s),mean_local,std_local,collision_flag,dmin,reward
0,10.0,1.618153364632238,1.2850588490998647,Reaching goal,2.554268954572408,0.3579847011674125
