,time (s),mean_local,std_local,collision_flag,dmin,reward
0,12.0,1.6350148367952522,1.2943690246165096,Reaching goal,1.4177022331607048,0.28996760794560417
