,time (s),mean_local,std_local,collision_flag,dmin,reward
0,14.5,1.636111111111111,1.2716246777204563,Reaching goal,0.5445018990622865,0.20741171435557026
