,time (s),mean_local,std_local,collision_flag,dmin,reward
0,11.5,1.6151484135107472,1.2858157777891457,Reaching goal,0.2547454496104998,0.251948425937788
