,time (s),mean_local,std_local,collision_flag,dmin,reward
0,10.0,1.5867647058823529,1.2964209115602832,Reaching goal,3.2550748928297826,0.32384897554802966
