,time (s),mean_local,std_local,collision_flag,dmin,reward
0,12.5,1.622375524895021,1.2775542285130175,Reaching goal,0.7007184260062269,0.23475651465572053
