,time (s),mean_local,std_local,collision_flag,dmin,reward
0,11.75,1.5342960288808665,1.270214438994913,Reaching goal,0.5494482331427393,0.29770687126185896
