,time (s),mean_local,std_local,collision_flag,dmin,reward
0,11.5,1.6105629715612304,1.2819764363033885,Reaching goal,2.924487757053682,0.2990649397894949
