,time (s),mean_local,std_local,collision_flag,dmin,reward
0,11.75,1.6144355336212215,1.2807650706759535,Reaching goal,2.2187009036454346,0.27763811626003226
