,time (s),mean_local,std_local,collision_flag,dmin,reward
0,11.25,1.646031746031746,1.269127775742656,Reaching goal,1.8890745600675356,0.31381059609000006
