,time (s),mean_local,std_local,collision_flag,dmin,reward
0,11.75,1.5467625899280575,1.2749553332998922,Reaching goal,1.3516820345217897,0.2927314768826909
