,time (s),mean_local,std_local,collision_flag,dmin,reward
0,11.0,1.6355555555555557,1.2691611365399287,Reaching goal,0.8013802323672725,0.32218623105067123
