,time (s),mean_local,std_local,collision_flag,dmin,reward
0,11.25,1.6218700475435817,1.281328916764947,Reaching goal,0.5845353475667838,0.2977281363149672
