,time (s),mean_local,std_local,collision_flag,dmin,reward
0,11.5,1.482608695652174,1.2325837739985,Reaching goal,0.8981297517862887,0.30565269625961566
