,time (s),mean_local,std_local,collision_flag,dmin,reward
0,11.75,1.5939716312056738,1.2748843433934416,Reaching goal,0.5274060792248363,0.29770687126185896
