,time (s),mean_local,std_local,collision_flag,dmin,reward
0,11.25,2.8708263069139965,1.703238307971912,Reaching goal,0.9749573175903434,0.31381059609000006
