,time (s),mean_local,std_local,collision_flag,dmin,reward
0,12.5,3.68,1.964077391550547,Reaching goal,0.7554952830714134,0.2750874266336541
