,time (s),mean_local,std_local,collision_flag,dmin,reward
0,12.75,2.862713675213675,1.7016704673809728,Reaching goal,1.7090442117280558,0.26793618413567305
