,time (s),mean_local,std_local,collision_flag,dmin,reward
0,11.25,2.8907363420427554,1.6802427941666913,Reaching goal,1.1697098975342786,0.31381059609000006
