,time (s),mean_local,std_local,collision_flag,dmin,reward
0,11.5,2.8543441226575808,1.7102987089228419,Reaching goal,0.8889419090983,0.30565269625961566
