,time (s),mean_local,std_local,collision_flag,dmin,reward
0,10.75,2.845905867182463,1.7018538650122867,Reaching goal,2.6994522847506675,0.3307854125131766
