,time (s),mean_local,std_local,collision_flag,dmin,reward
0,17.75,2.828185328185328,1.6888565585347897,Reaching goal,0.3253213574047065,0.1582136373702736
