,time (s),mean_local,std_local,collision_flag,dmin,reward
0,12.25,2.8982035928143715,1.7137511139910762,Reaching goal,0.8260835250831045,0.2824295364810001
