,time (s),mean_local,std_local,collision_flag,dmin,reward
0,9.75,2.946551724137931,1.7515230335281882,Reaching goal,0.41186659048504476,0.3647015222160611
