,time (s),mean_local,std_local,collision_flag,dmin,reward
0,10.5,2.8233151183970855,1.7177216061880463,Reaching goal,0.48587549835823834,0.3396141069551285
