,time (s),mean_local,std_local,collision_flag,dmin,reward
0,9.75,2.8042385842254753,1.679510484273037,Reaching goal,1.7463155271212003,0.3675393472368629
