,time (s),mean_local,std_local,collision_flag,dmin,reward
0,12.0,2.8639833448993754,1.7188469771973063,Reaching goal,0.8882519651482437,0.28996760794560417
