,time (s),mean_local,std_local,collision_flag,dmin,reward
0,14.0,2.8411967779056386,1.7081626126736276,Reaching goal,0.9683612456388375,0.23487376243593935
