,time (s),mean_local,std_local,collision_flag,dmin,reward
0,12.75,2.892434379825013,1.7038176964873086,Reaching goal,0.6233248222134375,0.26793618413567305
