,time (s),mean_local,std_local,collision_flag,dmin,reward
0,12.25,2.920508744038156,1.7297662602520525,Reaching goal,0.9934470623488487,0.2804980746028573
