,time (s),mean_local,std_local,collision_flag,dmin,reward
0,12.5,2.802679922195807,1.6749496712833933,Reaching goal,0.6942456945231639,0.2750874266336541
