,time (s),mean_local,std_local,collision_flag,dmin,reward
0,9.75,2.80625,1.73264083722892,Reaching goal,3.727288309320243,0.3675393472368629
