,time (s),mean_local,std_local,collision_flag,dmin,reward
0,11.5,2.853186813186813,1.687050146222709,Reaching goal,0.5135449407441013,0.30565269625961566
