,time (s),mean_local,std_local,collision_flag,dmin,reward
0,11.75,2.8678544914625093,1.7259274643177678,Reaching goal,0.4440732066055318,0.29770687126185896
