,time (s),mean_local,std_local,collision_flag,dmin,reward
0,14.0,2.8333333333333335,1.699900563378991,Reaching goal,0.5678113326833341,0.23487376243593935
