,time (s),mean_local,std_local,collision_flag,dmin,reward
0,11.75,2.856162144491664,1.6961691104903442,Reaching goal,0.7953156396969459,0.29770687126185896
