,time (s),mean_local,std_local,collision_flag,dmin,reward
0,11.5,2.848830409356725,1.7067843059817036,Reaching goal,1.0878251282435891,0.30565269625961566
