,time (s),mean_local,std_local,collision_flag,dmin,reward
0,11.5,2.7988910215397738,1.6753678328692765,Reaching goal,1.5959333499101889,0.30565269625961566
