,time (s),mean_local,std_local,collision_flag,dmin,reward
0,11.25,2.942698706099815,1.7774640078607697,Reaching goal,0.7228860512027575,0.31381059609000006
