,time (s),mean_local,std_local,collision_flag,dmin,reward
0,11.5,2.8644678492239466,1.7084247988460672,Reaching goal,0.8043583611058194,0.30565269625961566
