,time (s),mean_local,std_local,collision_flag,dmin,reward
0,11.25,2.86722571628232,1.7000375887022168,Reaching goal,0.263286051477482,0.31381059609000006
