,time (s),mean_local,std_local,collision_flag,dmin,reward
0,11.5,2.8872936109117013,1.730455437379426,Reaching goal,1.392634077358277,0.30565269625961566
