,time (s),mean_local,std_local,collision_flag,dmin,reward
0,12.25,2.8218459336990223,1.6883263079246051,Reaching goal,1.2932980937242784,0.2824295364810001
