,time (s),mean_local,std_local,collision_flag,dmin,reward
0,11.5,2.888477801268499,1.6865136011564363,Reaching goal,1.094820143948148,0.30565269625961566
