,time (s),mean_local,std_local,collision_flag,dmin
0,13.5,3.0185185185185186,1.6498118943364732,Reaching goal,0.7444206717483148
