,time (s),mean_local,std_local,collision_flag,dmin,reward
0,6.25,11.874433205441228,5.390660837057729,Collision,0.03779770526210846,-0.1958941516701465
