,time (s),mean_local,std_local,collision_flag,dmin,reward
0,8.5,11.877272727272727,5.522551437530056,Reaching goal,0.9987828972769557,0.32193188696738667
