,time (s),mean_local,std_local,collision_flag,dmin,reward
0,5.5,11.910459587955627,5.379193490635757,Collision,0.17197165614790222,-0.1822559311014409
