,time (s),mean_local,std_local,collision_flag,dmin,reward
0,8.25,11.89646017699115,5.421514486567397,Reaching goal,0.9656011481298039,0.32970982102571916
