,time (s),mean_local,std_local,collision_flag,dmin,reward
0,5.0,11.311243484735666,5.558723278327406,Collision,0.13880314058628052,-0.21359355505440708
