,time (s),mean_local,std_local,collision_flag,dmin,reward
0,9.25,11.24963924963925,5.522590678872291,Reaching goal,0.8713920031619338,0.23352892352687665
