,time (s),mean_local,std_local,collision_flag,dmin,reward
0,5.75,11.870818505338079,5.3929605862836745,Collision,0.11301199157562813,-0.22070639128171454
