,time (s),mean_local,std_local,collision_flag,dmin,reward
0,6.0,11.44453642384106,5.514451509202778,Collision,0.01220169357964751,-0.17644358805793597
