,time (s),mean_local,std_local,collision_flag,dmin,reward
0,6.25,11.21928071928072,5.5121668968038025,Collision,0.012015497575094014,-0.2537004362204219
