,time (s),mean_local,std_local,collision_flag,dmin,reward
0,5.0,11.221564760026299,5.558625017163919,Collision,0.10624165344244307,-0.21895390195449269
