,time (s),mean_local,std_local,collision_flag,dmin,reward
0,8.5,11.89179104477612,5.45943724216277,Reaching goal,1.096187936740959,0.3044971927836234
