,time (s),mean_local,std_local,collision_flag,dmin,reward
0,5.0,11.464527027027026,5.492509498135381,Collision,0.32187718881715505,-0.21650253184581486
