,time (s),mean_local,std_local,collision_flag,dmin,reward
0,7.0,11.579081632653061,5.692267506071992,Collision,0.24080718179441712,-0.20495214008057844
