,time (s),mean_local,std_local,collision_flag,dmin,reward
0,8.5,11.841726618705035,5.413965601545502,Reaching goal,1.457296014834419,0.3188198791664674
