,time (s),mean_local,std_local,collision_flag,dmin,reward
0,9.75,11.903357531760436,5.414506928493545,Reaching goal,0.5314310386856533,0.25469570701408695
