,time (s),mean_local,std_local,collision_flag,dmin,reward
0,5.25,11.907873376623376,5.410580935711858,Collision,0.1539879588285048,-0.17688173278905292
