,time (s),mean_local,std_local,collision_flag,dmin,reward
0,5.25,11.91238670694864,5.384788694881555,Collision,0.5015313079158676,-0.1764746874916122
