,time (s),mean_local,std_local,collision_flag,dmin,reward
0,8.5,11.949426837491572,5.364728782600698,Reaching goal,0.3815503654947339,0.29761274963377415
