,time (s),mean_local,std_local,collision_flag,dmin,reward
0,5.75,11.905555555555555,5.410436791855129,Collision,0.04668776227071458,-0.17287361497603645
