,time (s),mean_local,std_local,collision_flag,dmin,reward
0,8.25,11.932068543451653,5.385588662697125,Reaching goal,1.3872524754764126,0.3930001920579853
