,time (s),mean_local,std_local,collision_flag,dmin,reward
0,5.75,11.90166142792995,5.411884004991515,Collision,0.166980743088591,-0.18381073316092011
