,time (s),mean_local,std_local,collision_flag,dmin,reward
0,5.5,11.859466943579093,5.391843627305316,Collision,0.12424888889495589,-0.19485896911632294
