,time (s),mean_local,std_local,collision_flag,dmin,reward
0,6.75,11.853193517635845,5.408427541054861,Collision,0.08215886935082772,-0.20271436828924222
