,time (s),mean_local,std_local,collision_flag,dmin,reward
0,8.25,11.701639344262295,5.524861597651667,Reaching goal,0.6613064099744159,0.38727317164786074
