,time (s),mean_local,std_local,collision_flag,dmin,reward
0,8.5,11.898334794040316,5.410267678282187,Reaching goal,1.3378705312476138,0.37446797831517203
