,time (s),mean_local,std_local,collision_flag,dmin,reward
0,6.25,11.89047619047619,5.409198933906569,Collision,0.10236276343939121,-0.2259568798891154
