,time (s),mean_local,std_local,collision_flag,dmin,reward
0,9.5,11.549514563106795,5.626823308141997,Reaching goal,0.5657830103138801,0.24853266366213758
