,time (s),mean_local,std_local,collision_flag,dmin,reward
0,5.75,11.705438066465257,5.68556241494726,Collision,0.23300699136567543,-0.1861007322140722
