,time (s),mean_local,std_local,collision_flag,dmin,reward
0,4.75,11.209109730848862,5.509896971074094,Collision,0.010162634923600367,-0.21117575947068873
