,time (s),mean_local,std_local,collision_flag,dmin,reward
0,8.5,11.930405965202983,5.387714560597696,Reaching goal,0.22643334464130366,0.2737508091419668
