,time (s),mean_local,std_local,collision_flag,dmin,reward
0,5.25,11.748043818466353,5.634184042048697,Collision,0.0726375354579415,-0.16985118606606125
