,time (s),mean_local,std_local,collision_flag,dmin,reward
0,8.25,11.929032258064517,5.368948569403036,Reaching goal,1.440389272598856,0.39046375095803065
