,time (s),mean_local,std_local,collision_flag,dmin,reward
0,5.5,11.505668934240363,5.6713137863048155,Collision,0.0021727596448547493,-0.1851036243976985
