,time (s),mean_local,std_local,collision_flag,dmin,reward
0,8.25,11.848036951501154,5.4121155744963705,Reaching goal,1.3458847662178217,0.372391046252487
