,time (s),mean_local,std_local,collision_flag,dmin,reward
0,5.25,11.486486486486486,5.494591185284794,Collision,0.07156313088233768,-0.23542452013501147
