,time (s),mean_local,std_local,collision_flag,dmin,reward
0,5.0,11.241150442477876,5.475188322976419,Collision,0.08432895366244253,-0.2218169104770833
