,time (s),mean_local,std_local,collision_flag,dmin,reward
0,8.5,12.705882352941176,5.463942832815587,Reaching goal,1.2789475086930364,0.3755431887494848
