,time (s),mean_local,std_local,collision_flag,dmin,reward
0,8.25,11.882803943044907,5.502011981083324,Reaching goal,0.9363216132319847,0.36968273079324276
