,time (s),mean_local,std_local,collision_flag,dmin,reward
0,6.75,11.238372093023257,5.550510411247877,Collision,0.18517016401497755,-0.25724707222166154
