,time (s),mean_local,std_local,collision_flag,dmin,reward
0,6.5,11.869688385269122,5.411771260396261,Collision,0.21416464683249253,-0.18001100807686926
