,time (s),mean_local,std_local,collision_flag,dmin,reward
0,4.75,11.227102803738317,5.487437992214887,Collision,0.009130459900554944,-0.18692374541980022
