,time (s),mean_local,std_local,collision_flag,dmin,reward
0,6.5,11.232949087415946,5.492288703535118,Collision,0.14762157264731057,-0.27259645075179584
