,time (s),mean_local,std_local,collision_flag,dmin,reward
0,5.0,11.175072463768116,5.525546893567176,Collision,0.05682461570908626,-0.18794084748747686
