,time (s),mean_local,std_local,collision_flag,dmin,reward
0,5.0,11.40898155573376,5.543834174911984,Collision,0.0919759839358919,-0.20000101068348497
