,time (s),mean_local,std_local,collision_flag,dmin,reward
0,8.25,11.85085574572127,5.40395178242009,Reaching goal,1.097521160457871,0.339353490563768
