,time (s),mean_local,std_local,collision_flag,dmin,reward
0,6.0,11.165191740412979,5.703786782945214,Collision,0.05418398913750133,-0.2440344651920217
