,time (s),mean_local,std_local,collision_flag,dmin,reward
0,8.25,11.971282705807274,5.363714847330388,Reaching goal,0.7799084625008426,0.31792566212647194
