,time (s),mean_local,std_local,collision_flag,dmin,reward
0,8.25,11.85699848408287,5.405840167693037,Reaching goal,0.01969347580983105,0.3193922790755598
