,time (s),mean_local,std_local,collision_flag,dmin,reward
0,8.75,11.925925925925926,5.419520901194841,Reaching goal,1.268455401512575,0.3681640212969338
