,time (s),mean_local,std_local,collision_flag,dmin,reward
0,8.75,11.865113226124057,5.389933412481723,Reaching goal,0.4372139021964419,0.33299011062617323
