,time (s),mean_local,std_local,collision_flag,dmin,reward
0,7.25,11.902981940361192,5.404067285757022,Collision,0.013790620112718255,-0.32338528658389093
