,time (s),mean_local,std_local,collision_flag,dmin,reward
0,5.75,11.321067821067821,5.566476447719809,Collision,0.06708523765734431,-0.198656388940966
