,time (s),mean_local,std_local,collision_flag,dmin,reward
0,6.25,10.805309734513274,5.666011703207,Collision,0.05411754241984634,-0.23099568640956541
