,time (s),mean_local,std_local,collision_flag,dmin,reward
0,8.5,11.950655840099937,5.3715830945370735,Reaching goal,0.45166931603804544,0.30077858782533706
