,time (s),mean_local,std_local,collision_flag,dmin,reward
0,8.25,11.861332007952287,5.401214410892678,Reaching goal,1.2483052707271114,0.36283062541316735
