,time (s),mean_local,std_local,collision_flag,dmin,reward
0,8.25,11.871158392434989,5.5585170166227265,Reaching goal,0.9873909056365,0.367691035478518
