,time (s),mean_local,std_local,collision_flag,dmin,reward
0,8.25,11.944319036869826,5.3639461631788485,Reaching goal,0.7000104341382651,0.3151705993462186
