,time (s),mean_local,std_local,collision_flag,dmin,reward
0,6.5,11.853693867696764,5.415550210819431,Collision,0.1591687621709862,-0.1834554932090008
