,time (s),mean_local,std_local,collision_flag,dmin,reward
0,4.75,11.179472140762464,5.529503990786265,Collision,0.028292576731111407,-0.1944098923430626
