,time (s),mean_local,std_local,collision_flag,dmin,reward
0,5.0,11.37882096069869,5.501046856171691,Collision,0.04387803650553701,-0.17330156393753232
