,time (s),mean_local,std_local,collision_flag,dmin,reward
0,8.25,11.904285142170604,5.410062124062438,Reaching goal,0.6314745841599718,0.34553878165887186
