,time (s),mean_local,std_local,collision_flag,dmin,reward
0,6.5,11.958913187541418,5.361760675978822,Collision,0.10099505428851063,-0.20140073445486656
