,time (s),mean_local,std_local,collision_flag,dmin,reward
0,4.25,11.30791161796151,5.560717928302719,Collision,0.012902122656166415,-0.18076883040928088
