,time (s),mean_local,std_local,collision_flag,dmin,reward
0,10.75,11.87621540762902,5.397997748546709,Reaching goal,1.524877448710153,0.09616284272795628
