,time (s),mean_local,std_local,collision_flag,dmin,reward
0,9.75,11.86428982173663,5.40748806733307,Reaching goal,0.38781807808263885,0.06121741587745361
