,time (s),mean_local,std_local,collision_flag,dmin,reward
0,8.5,11.569343065693431,5.390984120493718,Reaching goal,1.459597373618092,0.3575307135283379
