,time (s),mean_local,std_local,collision_flag,dmin,reward
0,4.5,11.139312977099237,5.6866037424300435,Collision,0.0821733261281391,-0.19806731584251386
