,time (s),mean_local,std_local,collision_flag,dmin,reward
0,6.5,11.895633652822152,5.476620081444574,Collision,0.03648212553044938,-0.20061530528894922
