,time (s),mean_local,std_local,collision_flag,dmin,reward
0,6.0,11.908779931584949,5.398456470405071,Collision,0.2220978374881602,-0.18330906307792794
