,time (s),mean_local,std_local,collision_flag,dmin,reward
0,8.75,11.861666666666666,5.40773905312254,Reaching goal,1.0355846668435915,0.2790153311708007
