,time (s),mean_local,std_local,collision_flag,dmin,reward
0,8.0,11.86932972241029,5.377287464095009,Reaching goal,0.9528844950106976,0.39227866824235746
