,time (s),mean_local,std_local,collision_flag,dmin,reward
0,5.75,11.872450871338524,5.393528136057681,Collision,0.3910332482104267,-0.18152199888834464
