,time (s),mean_local,std_local,collision_flag,dmin,reward
0,8.25,11.621323529411764,5.469163664532847,Reaching goal,0.9541757863691669,0.3761578710887288
