,time (s),mean_local,std_local,collision_flag,dmin,reward
0,5.5,11.86244769874477,5.415324979757533,Collision,0.06256666193026861,-0.17767683883538768
