,time (s),mean_local,std_local,collision_flag,dmin,reward
0,8.25,11.895408163265307,5.415329652160246,Reaching goal,1.1778561993036023,0.3517319217708054
