,time (s),mean_local,std_local,collision_flag,dmin,reward
0,9.0,11.502092050209205,5.528832359108484,Reaching goal,0.7252191122137999,0.23604261926497297
