,time (s),mean_local,std_local,collision_flag,dmin,reward
0,8.25,11.56021897810219,5.612975838382664,Reaching goal,0.4316437576112023,0.3116908148481351
