,time (s),mean_local,std_local,collision_flag,dmin,reward
0,9.0,11.534591194968554,5.642136927584088,Reaching goal,1.3331610535774947,0.2614698092666042
