,time (s),mean_local,std_local,collision_flag,dmin,reward
0,8.25,11.89988492520138,5.3956207635135405,Reaching goal,0.7855720457975788,0.37169054980689287
