,time (s),mean_local,std_local,collision_flag,dmin,reward
0,8.25,11.875132275132275,5.408719748806331,Reaching goal,1.3977718490621054,0.3726451769449224
