,time (s),mean_local,std_local,collision_flag,dmin,reward
0,6.75,11.63304347826087,5.621630921316423,Collision,0.24234911963070865,-0.25520021037134244
