,time (s),mean_local,std_local,collision_flag,dmin,reward
0,5.5,11.76923076923077,5.615615694134388,Collision,0.07306359714995048,-0.24726777196796002
