,time (s),mean_local,std_local,collision_flag,dmin,reward
0,9.75,11.837638376383763,5.583820444578894,Reaching goal,0.052598288043832264,0.2219713698729529
