,time (s),mean_local,std_local,collision_flag,dmin,reward
0,8.25,11.886524822695035,5.39363737638255,Reaching goal,0.9321695335945153,0.3275850879073646
