,time (s),mean_local,std_local,collision_flag,dmin,reward
0,7.25,11.917724109701187,5.4095647068560595,Collision,0.44341983101603094,-0.1915333747118314
