,time (s),mean_local,std_local,collision_flag,dmin,reward
0,8.25,11.491758241758241,5.702557570305788,Reaching goal,1.3836187331415484,0.341783301710095
