,time (s),mean_local,std_local,collision_flag,dmin,reward
0,8.5,11.873159303882195,5.379162016030247,Reaching goal,1.1266360102694766,0.3081397342171004
