,time (s),mean_local,std_local,collision_flag,dmin,reward
0,8.25,11.920477137176938,5.426321807708173,Reaching goal,1.071508966829964,0.344941871503811
