,time (s),mean_local,std_local,collision_flag,dmin,reward
0,6.5,11.890201224846894,5.4290718239303875,Collision,0.03314253548322099,-0.19659484809862754
