,time (s),mean_local,std_local,collision_flag,dmin,reward
0,9.0,12.085714285714285,5.574797516227722,Reaching goal,0.32659174464579604,0.23384252320539256
