,time (s),mean_local,std_local,collision_flag,dmin,reward
0,8.0,11.930946291560103,5.409994118243961,Collision,0.29850995930302676,-0.23188567437964946
