,time (s),mean_local,std_local,collision_flag,dmin,reward
0,6.75,11.58472553699284,5.674912812181644,Collision,0.04816368221834799,-0.19065819040673876
