,time (s),mean_local,std_local,collision_flag,dmin,reward
0,8.25,11.907207953603978,5.4118382075249825,Reaching goal,1.3697970463063445,0.3812385015270863
