,time (s),mean_local,std_local,collision_flag,dmin,reward
0,5.0,11.213085234093638,5.5320388851515485,Collision,0.20791567655934023,-0.199356487352827
