,time (s),mean_local,std_local,collision_flag,dmin,reward
0,10.75,11.78640776699029,5.594409748060588,Reaching goal,0.09381464290713182,0.17966827475458502
