,time (s),mean_local,std_local,collision_flag,dmin,reward
0,6.0,11.87506731287022,5.422038417540474,Collision,0.09724619582540006,-0.17600514366371026
