,time (s),mean_local,std_local,collision_flag,dmin,reward
0,4.5,11.23,5.489986989315835,Collision,0.026263021346857318,-0.23083410341568153
