,time (s),mean_local,std_local,collision_flag,dmin,reward
0,6.5,11.422960725075528,5.726597060446744,Collision,0.033921698080556006,-0.18485173453054565
