,time (s),mean_local,std_local,collision_flag,dmin,reward
0,8.25,11.867599569429494,5.3901311913033805,Reaching goal,0.23422475737992415,0.3515201625091846
