,time (s),mean_local,std_local,collision_flag,dmin,reward
0,8.25,11.896507115135835,5.423550839789959,Reaching goal,0.624233642997353,0.3609133193702623
