,time (s),mean_local,std_local,collision_flag,dmin,reward
0,5.0,11.41816009557945,5.50894178817533,Collision,0.03606496688455907,-0.2122759074631275
