,time (s),mean_local,std_local,collision_flag,dmin,reward
0,8.25,11.80232558139535,5.61406914541039,Reaching goal,1.2648228598563835,0.38645806459820636
