,time (s),mean_local,std_local,collision_flag,dmin,reward
0,8.0,11.868754398311049,5.385362305421146,Reaching goal,1.1287134508711245,0.362809095301612
