,time (s),mean_local,std_local,collision_flag,dmin,reward
0,5.0,11.878823529411765,5.406806040269378,Collision,0.204865135609611,-0.17449868798167117
