,time (s),mean_local,std_local,collision_flag,dmin,reward
0,6.0,11.871181938911022,5.378688042376475,Collision,0.19556636685480044,-0.17175419918977353
