,time (s),mean_local,std_local,collision_flag,dmin,reward
0,8.75,11.917025440313111,5.395961720924051,Reaching goal,0.3631223786675764,0.2640647025595988
