,time (s),mean_local,std_local,collision_flag,dmin,reward
0,6.25,11.947196870925685,5.366048256355312,Collision,0.0032710734532688246,-0.26507034972412274
