,time (s),mean_local,std_local,collision_flag,dmin,reward
0,8.0,11.89980732177264,5.44154254962045,Reaching goal,1.259083006299608,0.36522619088626684
