,time (s),mean_local,std_local,collision_flag,dmin,reward
0,5.5,11.241964285714285,5.478238415912696,Collision,0.0342242935682715,-0.21229654585791607
