,time (s),mean_local,std_local,collision_flag,dmin,reward
0,6.0,11.873575891216465,5.395988209452664,Collision,0.030067918192375642,-0.19133623898847954
