,time (s),mean_local,std_local,collision_flag,dmin,reward
0,8.75,11.215087281795512,5.541545361393506,Reaching goal,1.697552707848386,0.34899982451008094
