,time (s),mean_local,std_local,collision_flag,dmin,reward
0,8.5,11.847560975609756,5.405831110812397,Reaching goal,0.08110210799797801,0.32748882448208577
