,time (s),mean_local,std_local,collision_flag,dmin,reward
0,8.5,11.930555555555555,5.376973510796057,Reaching goal,0.9474960384037283,0.34527542031824127
