,time (s),mean_local,std_local,collision_flag,dmin,reward
0,5.25,11.13167259786477,5.633885821030567,Collision,0.001212033867815654,-0.22862789077190637
