,time (s),mean_local,std_local,collision_flag,dmin,reward
0,8.25,11.48235294117647,5.463486851939416,Reaching goal,1.117266810156229,0.34185878667291736
