,time (s),mean_local,std_local,collision_flag,dmin,reward
0,8.5,11.908530318602262,5.430951152393764,Reaching goal,0.794232862442618,0.30103244690124004
