,time (s),mean_local,std_local,collision_flag,dmin,reward
0,5.0,11.157407407407407,5.686097465711853,Collision,0.019121158245388403,-0.22470972849883006
