,time (s),mean_local,std_local,collision_flag,dmin,reward
0,6.0,11.763848396501457,5.6789395902003275,Collision,0.1093012062277452,-0.17901167087233935
