,time (s),mean_local,std_local,collision_flag,dmin,reward
0,8.25,11.859342915811089,5.386473474190533,Reaching goal,0.8220863521959141,0.3753206939633087
