,time (s),mean_local,std_local,collision_flag,dmin,reward
0,9.0,11.974358974358974,5.36274645098116,Reaching goal,0.8665012371747953,0.24068655057285065
