,time (s),mean_local,std_local,collision_flag,dmin,reward
0,8.25,11.349753694581281,5.586828055577231,Collision,0.10053345413030246,-0.2170594877541323
