,time (s),mean_local,std_local,collision_flag,dmin,reward
0,5.75,11.386803185437998,5.512885610580744,Collision,0.016580298632997814,-0.18489576875597646
