,time (s),mean_local,std_local,collision_flag,dmin,reward
0,6.0,11.180102915951972,5.508466770741694,Collision,0.12267475659212868,-0.2764135660963638
