,time (s),mean_local,std_local,collision_flag,dmin,reward
0,8.25,12.087378640776699,5.53033434638854,Reaching goal,0.761393447854996,0.33373214211217234
