,time (s),mean_local,std_local,collision_flag,dmin,reward
0,8.25,11.778859527121002,5.640830518262458,Reaching goal,0.9558275381602055,0.3607735760973837
