,time (s),mean_local,std_local,collision_flag,dmin,reward
0,8.25,11.86238198983297,5.394759378209782,Reaching goal,1.2464335256587775,0.32882392108744557
