,time (s),mean_local,std_local,collision_flag,dmin,reward
0,5.0,11.194543297746145,5.532187160568653,Collision,0.024020495545866716,-0.2066729633565296
