,time (s),mean_local,std_local,collision_flag,dmin,reward
0,5.0,11.36420233463035,5.55815055511291,Collision,0.01310538179798415,-0.22010480257111115
