,time (s),mean_local,std_local,collision_flag,dmin,reward
0,4.5,9.833333333333334,5.553610770714184,Collision,0.03207951230326478,-0.2020090143514517
