,time (s),mean_local,std_local,collision_flag,dmin,reward
0,7.5,11.390309555854643,5.500619104859546,Collision,0.10642073332962498,-0.28479232406291066
