,time (s),mean_local,std_local,collision_flag,dmin,reward
0,5.0,11.280504908835905,5.512945242151719,Collision,0.028950979404134936,-0.21712589487604242
