,time (s),mean_local,std_local,collision_flag,dmin,reward
0,4.75,11.905982905982906,5.40680913556756,Collision,0.16404904307475343,-0.23000700243613642
