,time (s),mean_local,std_local,collision_flag,dmin,reward
0,4.25,11.325652841781874,5.554362202265101,Collision,0.00026348948845333897,-0.18636108839753204
