,time (s),mean_local,std_local,collision_flag,dmin,reward
0,8.75,11.239530988274707,5.618935900243905,Reaching goal,0.05616557959304025,0.2125192726753571
