,time (s),mean_local,std_local,collision_flag,dmin,reward
0,11.0,2.674886191198786,1.773431627288798,Reaching goal,0.5685263086753176,0.32218623105067123
