,time (s),mean_local,std_local,collision_flag,dmin,reward
0,12.0,2.6441253263707574,1.7634187378123536,Reaching goal,0.05603776277075634,0.28818881475575475
