,time (s),mean_local,std_local,collision_flag,dmin,reward
0,12.5,2.666377816291161,1.785158207571253,Reaching goal,0.6484170868864294,0.26677938469757434
