,time (s),mean_local,std_local,collision_flag,dmin,reward
0,11.75,2.6815613764766306,1.76430510340535,Reaching goal,0.31002089797679094,0.29756766143084545
