,time (s),mean_local,std_local,collision_flag,dmin,reward
0,12.75,2.6537124802527647,1.7761335857667895,Reaching goal,0.37215784748417674,0.26368589170614526
