,time (s),mean_local,std_local,collision_flag,dmin,reward
0,10.75,2.6769662921348316,1.9744513699625337,Reaching goal,1.128207995025248,0.3307854125131766
