,time (s),mean_local,std_local,collision_flag,dmin,reward
0,11.0,2.653117275473771,1.7670491836990483,Reaching goal,1.131028238403868,0.32139691173010027
