,time (s),mean_local,std_local,collision_flag,dmin,reward
0,12.0,2.625874969828627,1.7678510052434095,Reaching goal,0.09093670936080445,0.28406550682038245
