,time (s),mean_local,std_local,collision_flag,dmin,reward
0,11.5,2.646938775510204,1.9440754626338008,Reaching goal,0.5860525067642073,0.30565269625961566
