,time (s),mean_local,std_local,collision_flag,dmin,reward
0,10.5,2.6500326157860403,1.774418217890733,Reaching goal,1.2219977391223484,0.3396141069551285
