,time (s),mean_local,std_local,collision_flag,dmin,reward
0,12.5,2.658536585365854,1.824090232277663,Reaching goal,0.8379202107472334,0.26817194843093
