,time (s),mean_local,std_local,collision_flag,dmin,reward
0,11.5,2.679882525697504,1.7760911686501089,Reaching goal,1.9312795378645287,0.30565269625961566
