,time (s),mean_local,std_local,collision_flag,dmin,reward
0,12.0,2.668032786885246,1.7788726579919232,Reaching goal,2.3025194240666997,0.28996760794560417
