,time (s),mean_local,std_local,collision_flag,dmin,reward
0,11.75,2.6481315396113603,1.7766843055846424,Reaching goal,0.08793674938050333,0.2878045864051699
