,time (s),mean_local,std_local,collision_flag,dmin,reward
0,12.25,2.6745762711864405,1.8423081709434714,Reaching goal,0.4358225408778827,0.2824295364810001
