,time (s),mean_local,std_local,collision_flag,dmin,reward
0,12.0,2.6440209037811253,1.7755881423716005,Reaching goal,2.3473093306302006,0.28996760794560417
