,time (s),mean_local,std_local,collision_flag,dmin,reward
0,10.75,2.652386780905753,1.8277333936754745,Reaching goal,0.7195402290189403,0.3307854125131766
