,time (s),mean_local,std_local,collision_flag,dmin,reward
0,10.75,2.625581395348837,1.8424696549526425,Reaching goal,0.03042361590343179,0.3278083503880665
