,time (s),mean_local,std_local,collision_flag,dmin,reward
0,11.75,2.6517571884984026,1.9653886392627016,Reaching goal,0.36986320502296427,0.29770687126185896
