,time (s),mean_local,std_local,collision_flag,dmin,reward
0,10.5,2.63373253493014,1.767860057231751,Reaching goal,0.48616798062143257,0.33596160925347035
