,time (s),mean_local,std_local,collision_flag,dmin,reward
0,10.5,2.66810551558753,1.777062623208341,Reaching goal,2.2416289468358395,0.3396141069551285
