,time (s),mean_local,std_local,collision_flag,dmin,reward
0,10.5,2.680904522613065,1.990224144829663,Reaching goal,0.2603383916051834,0.3396141069551285
