,time (s),mean_local,std_local,collision_flag,dmin,reward
0,13.0,2.672727272727273,2.007300724442431,Collision,0.18848484555827738,-0.0815122449070747
