,time (s),mean_local,std_local,collision_flag,dmin,reward
0,10.5,2.6463496316141994,1.7722412323366998,Reaching goal,0.6127895875320095,0.3396141069551285
