,time (s),mean_local,std_local,collision_flag,dmin,reward
0,10.5,2.6595744680851063,1.786893374932036,Reaching goal,0.9903395380706654,0.3396141069551285
