,time (s),mean_local,std_local,collision_flag,dmin,reward
0,10.5,2.646924829157175,1.7627009641768978,Reaching goal,0.32711880191986814,0.3396141069551285
