,time (s),mean_local,std_local,collision_flag,dmin,reward
0,11.5,2.6576576576576576,1.9965984384054702,Reaching goal,0.7715469818594041,0.29853043898709447
