,time (s),mean_local,std_local,collision_flag,dmin,reward
0,11.5,2.6463022508038585,1.7629568551937613,Reaching goal,2.5444015113189957,0.30565269625961566
