,time (s),mean_local,std_local,collision_flag,dmin,reward
0,11.0,2.6744763933262337,1.772516772600935,Reaching goal,0.6198358480336383,0.32218623105067123
