,time (s),mean_local,std_local,collision_flag,dmin,reward
0,9.25,12.367118644067796,4.931029751446689,Reaching goal,0.5191167802754102,0.3483470159461433
