,time (s),mean_local,std_local,collision_flag,dmin,reward
0,10.25,12.17379679144385,4.878114172899193,Reaching goal,0.5709445399144035,0.275989460975483
