,time (s),mean_local,std_local,collision_flag,dmin,reward
0,9.0,12.238636363636363,4.824168129376905,Reaching goal,0.4415597508671399,0.34872276413315406
