,time (s),mean_local,std_local,collision_flag,dmin,reward
0,8.5,12.349983460138935,4.912725497705238,Reaching goal,0.22790587029792936,0.3490335829061763
