,time (s),mean_local,std_local,collision_flag,dmin,reward
0,9.75,12.279336734693878,4.887487310790726,Reaching goal,0.3976697271382344,0.2648843598222222
