,time (s),mean_local,std_local,collision_flag,dmin,reward
0,8.5,12.338983050847459,4.925926461914276,Reaching goal,0.22053849911530193,0.36638151297248633
