,time (s),mean_local,std_local,collision_flag,dmin,reward
0,9.0,12.333468395461912,4.9322211337500095,Reaching goal,0.21076973905520086,0.32662423236774507
