,time (s),mean_local,std_local,collision_flag,dmin,reward
0,4.0,12.218599033816425,4.875185314807927,Collision,0.25019855029703125,-0.20134155654094335
