,time (s),mean_local,std_local,collision_flag,dmin,reward
0,8.5,12.22191629955947,4.902887743164137,Reaching goal,0.5696696413252407,0.32053693582374804
