,time (s),mean_local,std_local,collision_flag,dmin,reward
0,9.75,12.341054882394868,4.940292484781824,Reaching goal,0.33254544136116265,0.33377397853447693
