,time (s),mean_local,std_local,collision_flag,dmin,reward
0,9.0,12.310013717421125,4.843778538991152,Reaching goal,0.42755651976739567,0.33407302093700575
