,time (s),mean_local,std_local,collision_flag,dmin,reward
0,9.25,12.185057471264368,4.877252588577816,Reaching goal,0.4213126886902923,0.31132056999074387
