,time (s),mean_local,std_local,collision_flag,dmin,reward
0,9.75,12.306632653061225,4.935642638280382,Reaching goal,0.3231502389613981,0.30834474523432764
