,time (s),mean_local,std_local,collision_flag,dmin,reward
0,9.25,12.335445903123585,4.935272964390118,Reaching goal,0.5710580655759168,0.29576442801921327
