,time (s),mean_local,std_local,collision_flag,dmin
0,9.25,1.2702702702702702,1.0305770791858173,Reaching goal,0.70074599262108
