,time (s),mean_local,std_local,collision_flag,dmin
0,6.0,8.166666666666666,3.670452590924207,Collision,0.04390050193611095
