,time (s),mean_local,std_local,collision_flag,dmin
0,4.5,6.944444444444445,3.718903993595458,Collision,0.17486146762067434
