,time (s),mean_local,std_local,collision_flag,dmin,reward
0,14.0,1.6995181778361805,1.2224841812336291,Reaching goal,0.995888679242461,0.23487376243593935
