,time (s),mean_local,std_local,collision_flag,dmin,reward
0,11.25,1.7788819875776398,1.2500804084061696,Reaching goal,3.8568474946469955,0.31381059609000006
