,time (s),mean_local,std_local,collision_flag,dmin,reward
0,11.0,1.7866666666666666,1.2568508559387919,Reaching goal,3.471359741235217,0.32218623105067123
