,time (s),mean_local,std_local,collision_flag,dmin,reward
0,11.25,1.838199513381995,1.2309277529342664,Reaching goal,0.7535523605608372,0.31381059609000006
