,time (s),mean_local,std_local,collision_flag,dmin,reward
0,12.0,1.7674418604651163,1.2383511662532884,Reaching goal,0.34459400423363556,0.28996760794560417
