,time (s),mean_local,std_local,collision_flag,dmin,reward
0,12.0,1.753077975376197,1.2294441564090346,Reaching goal,0.550533223612268,0.28996760794560417
