,time (s),mean_local,std_local,collision_flag,dmin,reward
0,9.0,1.8251748251748252,1.233646509618902,Reaching goal,2.8981238268152905,0.39776077907490276
