,time (s),mean_local,std_local,collision_flag,dmin,reward
0,10.0,1.778568885724457,1.2473210662312928,Reaching goal,3.1288594336337012,0.3579847011674125
