,time (s),mean_local,std_local,collision_flag,dmin,reward
0,9.0,1.7459618208516887,1.2399679043542604,Reaching goal,2.285820310197313,0.39776077907490276
