,time (s),mean_local,std_local,collision_flag,dmin,reward
0,11.5,1.7597625741955638,1.2390422452784353,Reaching goal,1.673159600187614,0.30565269625961566
