,time (s),mean_local,std_local,collision_flag,dmin,reward
0,8.5,1.7854855923159019,1.222294937244331,Reaching goal,2.9734884187576496,0.4192766752532451
