,time (s),mean_local,std_local,collision_flag,dmin,reward
0,11.25,1.8272222222222223,1.225485416548414,Reaching goal,0.2571864915007503,0.31381059609000006
