,time (s),mean_local,std_local,collision_flag,dmin,reward
0,11.0,1.8335140997830803,1.2207286035617857,Reaching goal,0.5582074620046942,0.32218623105067123
