,time (s),mean_local,std_local,collision_flag,dmin,reward
0,10.0,1.76396773229758,1.2372486159177571,Reaching goal,1.886088787650124,0.3579847011674125
