,time (s),mean_local,std_local,collision_flag,dmin,reward
0,11.25,1.7447495961227786,1.2314342978933583,Reaching goal,0.6766449058441717,0.31381059609000006
