,time (s),mean_local,std_local,collision_flag,dmin,reward
0,12.5,1.7595473833097595,1.2175769844660158,Reaching goal,1.3893603953955995,0.2750874266336541
