,time (s),mean_local,std_local,collision_flag,dmin,reward
0,11.5,1.7145948545323395,1.2311794586576348,Reaching goal,0.20582169051999927,0.30565269625961566
