,time (s),mean_local,std_local,collision_flag,dmin,reward
0,11.75,1.7951807228915662,1.2554966966468066,Reaching goal,0.503897171121712,0.29770687126185896
