,time (s),mean_local,std_local,collision_flag,dmin,reward
0,12.0,1.7832422586520946,1.2712355253779202,Reaching goal,1.2288340916082352,0.28996760794560417
