,time (s),mean_local,std_local,collision_flag,dmin,reward
0,15.75,1.7448680351906158,1.2154956497936964,Reaching goal,0.692986122108064,0.19532547823490568
