,time (s),mean_local,std_local,collision_flag,dmin,reward
0,11.5,1.8077314343845372,1.2064008843213898,Reaching goal,0.3253539552923464,0.30565269625961566
