,time (s),mean_local,std_local,collision_flag,dmin,reward
0,11.5,1.793103448275862,1.308427716350931,Reaching goal,0.24657095360363362,0.30565269625961566
