,time (s),mean_local,std_local,collision_flag,dmin,reward
0,10.75,1.7141857209519364,1.2289171667550445,Reaching goal,0.9612003006357472,0.3307854125131766
