,time (s),mean_local,std_local,collision_flag,dmin,reward
0,10.0,1.7870913663034367,1.2283058638176865,Reaching goal,0.7347109759813464,0.3579847011674125
