,time (s),mean_local,std_local,collision_flag,dmin,reward
0,9.75,1.7857142857142858,1.2382634036792746,Reaching goal,2.215592858170372,0.3675393472368629
