,time (s),mean_local,std_local,collision_flag,dmin,reward
0,12.0,1.7755443886097153,1.2386320249597063,Reaching goal,0.33833091008581234,0.2899069179466827
