,time (s),mean_local,std_local,collision_flag,dmin,reward
0,9.75,1.7542826552462527,1.2402112953650195,Reaching goal,1.21711048669574,0.3675393472368629
