,time (s),mean_local,std_local,collision_flag,dmin,reward
0,13.25,1.775438596491228,1.2051954831737288,Reaching goal,2.0806568490009054,0.25035193156525426
