,time (s),mean_local,std_local,collision_flag,dmin,reward
0,11.25,1.8228128460686601,1.2207372349801955,Reaching goal,1.2896824007171193,0.31381059609000006
