,time (s),mean_local,std_local,collision_flag,dmin,reward
0,11.5,1.780168776371308,1.2448150579409625,Reaching goal,1.6189943637013267,0.30565269625961566
