,time (s),mean_local,std_local,collision_flag,dmin,reward
0,12.25,1.7616279069767442,1.203741126138043,Reaching goal,0.2513617739660093,0.28197143013173387
