,time (s),mean_local,std_local,collision_flag,dmin,reward
0,12.25,1.618742724097788,1.2930089814109347,Reaching goal,0.18607611599194918,0.2822436596732448
