,time (s),mean_local,std_local,collision_flag,dmin,reward
0,12.5,1.613953488372093,1.264332551672752,Reaching goal,2.89699402528047,0.2750874266336541
