,time (s),mean_local,std_local,collision_flag,dmin,reward
0,11.5,1.7826086956521738,1.545161360340597,Reaching goal,0.9565980405409185,0.2984590562269327
