,time (s),mean_local,std_local,collision_flag,dmin,reward
0,11.5,1.5168269230769231,1.2575562110261842,Reaching goal,0.4427627686050955,0.3027816656865472
