,time (s),mean_local,std_local,collision_flag,dmin,reward
0,11.5,1.5787490580256216,1.1983160513957272,Reaching goal,2.292203145229609,0.30565269625961566
