,time (s),mean_local,std_local,collision_flag,dmin,reward
0,11.5,1.7375787263820854,1.2210516473669883,Reaching goal,1.1900844359957496,0.30565269625961566
