,time (s),mean_local,std_local,collision_flag,dmin,reward
0,10.5,1.5451908056237447,1.2661012859889094,Reaching goal,0.7167107724210826,0.2842617466588853
