,time (s),mean_local,std_local,collision_flag,dmin,reward
0,11.75,1.6205802357207615,1.2468320067965784,Reaching goal,2.1187515484916957,0.278600023810597
