,time (s),mean_local,std_local,collision_flag,dmin,reward
0,11.5,1.4794520547945205,1.2797287352517766,Reaching goal,0.529415847807035,0.30565269625961566
