,time (s),mean_local,std_local,collision_flag,dmin,reward
0,12.5,1.73502843760455,1.2451501798655205,Reaching goal,0.2615100214628688,0.2750874266336541
