,time (s),mean_local,std_local,collision_flag,dmin,reward
0,10.25,1.5896036078803704,1.2835966557142944,Reaching goal,1.2394267430644335,0.32353382867769137
