,time (s),mean_local,std_local,collision_flag,dmin,reward
0,9.75,1.7507774322523324,1.2164988505342713,Reaching goal,3.2727243947386055,0.3675393472368629
