,time (s),mean_local,std_local,collision_flag,dmin,reward
0,10.75,1.9006535947712417,1.26410973772969,Reaching goal,0.18734534722775853,0.3307854125131766
