,time (s),mean_local,std_local,collision_flag,dmin,reward
0,11.25,1.5462753950338601,1.2073901058581549,Reaching goal,0.39924591947864024,0.29270680928028037
