,time (s),mean_local,std_local,collision_flag,dmin,reward
0,10.25,1.7454873646209386,1.235101625783738,Reaching goal,2.0293321662850854,0.3486784401000001
