,time (s),mean_local,std_local,collision_flag,dmin,reward
0,10.0,1.8923766816143497,1.3101028161002142,Reaching goal,0.5418791201203401,0.3579847011674125
