,time (s),mean_local,std_local,collision_flag,dmin,reward
0,10.0,1.7804154302670623,1.2234326962827247,Reaching goal,0.8578069322467023,0.3579847011674125
