,time (s),mean_local,std_local,collision_flag,dmin,reward
0,10.0,1.7509006690684508,1.1968899318311392,Reaching goal,0.776955769437669,0.3579847011674125
