,time (s),mean_local,std_local,collision_flag,dmin,reward
0,10.75,1.5400088417329796,1.2664268468275928,Reaching goal,1.2828199779523428,0.3307854125131766
