,time (s),mean_local,std_local,collision_flag,dmin,reward
0,10.5,1.5645320197044335,1.2089661555357518,Reaching goal,0.18357820265211,0.3312633633225257
