,time (s),mean_local,std_local,collision_flag,dmin,reward
0,9.25,1.7535422928295405,1.2353970156230984,Reaching goal,2.2279939470924837,0.3874204890000001
