,time (s),mean_local,std_local,collision_flag,dmin,reward
0,11.25,1.6170771756978652,1.2851957339268139,Reaching goal,3.399699057590255,0.31381059609000006
