,time (s),mean_local,std_local,collision_flag,dmin,reward
0,13.0,1.822269807280514,1.2375706620141418,Reaching goal,0.733984657109704,0.26097084715104374
