,time (s),mean_local,std_local,collision_flag,dmin,reward
0,13.5,1.6086150995831403,1.245330278712876,Reaching goal,0.0729303212720096,0.1937657115464127
