,time (s),mean_local,std_local,collision_flag,dmin,reward
0,10.5,1.733509234828496,1.2216002661823884,Reaching goal,0.525221137134593,0.3396141069551285
