,time (s),mean_local,std_local,collision_flag,dmin,reward
0,9.0,1.74060020696792,1.2399205701284344,Reaching goal,2.127209356453368,0.39776077907490276
