,time (s),mean_local,std_local,collision_flag,dmin,reward
0,13.5,1.7706093189964158,1.244081323068464,Reaching goal,0.7760552895807293,0.2475786839702887
