,time (s),mean_local,std_local,collision_flag,dmin,reward
0,11.5,1.543815609310817,1.269942462229638,Reaching goal,1.5712297877882642,0.28134660343850104
