,time (s),mean_local,std_local,collision_flag,dmin,reward
0,11.25,1.6387900355871887,1.2700172170941846,Reaching goal,1.8223704764576476,0.3128254969730577
