,time (s),mean_local,std_local,collision_flag,dmin,reward
0,11.5,1.7660406885759,1.243778308360284,Reaching goal,0.9460561730511872,0.30565269625961566
