,time (s),mean_local,std_local,collision_flag,dmin,reward
0,11.5,1.6370882040382573,1.2186845147633492,Reaching goal,1.4711791726411643,0.30127323996396815
