,time (s),mean_local,std_local,collision_flag,dmin,reward
0,12.0,1.9583333333333333,1.485461955831324,Reaching goal,0.5709014082648183,0.28996760794560417
