,time (s),mean_local,std_local,collision_flag,dmin,reward
0,12.25,1.4624277456647399,1.391563723794375,Reaching goal,3.71584702287317,0.239387649107578
