,time (s),mean_local,std_local,collision_flag,dmin,reward
0,12.25,1.7543031649083842,1.2508251913598256,Reaching goal,1.9196023873876882,0.2824295364810001
