,time (s),mean_local,std_local,collision_flag,dmin,reward
0,11.0,1.6157894736842104,1.2683742542766125,Reaching goal,2.133388178097781,0.316686216109887
