,time (s),mean_local,std_local,collision_flag,dmin,reward
0,10.75,1.6202931876976143,1.3013146227282628,Reaching goal,1.4212690022165777,0.3307854125131766
