,time (s),mean_local,std_local,collision_flag,dmin,reward
0,10.75,1.5914003759398496,1.2850760317460908,Reaching goal,0.5066818237131527,0.2993297746500665
