,time (s),mean_local,std_local,collision_flag,dmin,reward
0,12.0,1.6333705357142858,1.2243175125888939,Reaching goal,0.22977602952165982,0.28923301315740946
