,time (s),mean_local,std_local,collision_flag,dmin,reward
0,12.75,1.7693032015065913,1.2322102400471815,Reaching goal,2.0680434726140327,0.26793618413567305
