,time (s),mean_local,std_local,collision_flag,dmin,reward
0,9.0,1.7590768364762173,1.2524976198184563,Reaching goal,0.9122008572163058,0.39776077907490276
