,time (s),mean_local,std_local,collision_flag,dmin,reward
0,13.0,1.7394587791063563,1.2508363305540329,Reaching goal,1.9001057341335301,0.26097084715104374
