,time (s),mean_local,std_local,collision_flag,dmin,reward
0,11.0,1.5407876230661042,1.2027670622741284,Reaching goal,0.8227030021680766,0.3190748599505868
