,time (s),mean_local,std_local,collision_flag,dmin,reward
0,11.5,1.5346320346320346,1.231746276866918,Reaching goal,1.7697327060429957,0.30565269625961566
