,time (s),mean_local,std_local,collision_flag,dmin,reward
0,14.25,1.5471953142599684,1.2653974033262407,Reaching goal,0.42648350724419043,0.21862720519040446
