,time (s),mean_local,std_local,collision_flag,dmin,reward
0,10.75,1.6196483180428134,1.2686754868754657,Reaching goal,0.6707775393057134,0.2778311618501406
