,time (s),mean_local,std_local,collision_flag,dmin,reward
0,11.25,1.7238805970149254,1.2274062300581388,Reaching goal,0.8827255311429143,0.31381059609000006
