,time (s),mean_local,std_local,collision_flag,dmin,reward
0,9.75,1.7359118852459017,1.2360621670289809,Reaching goal,0.3286798040982358,0.3675393472368629
