,time (s),mean_local,std_local,collision_flag,dmin,reward
0,11.5,1.6317122593718338,1.2318088306305957,Reaching goal,1.1951386407424305,0.3035267109952031
