,time (s),mean_local,std_local,collision_flag,dmin,reward
0,12.25,1.5632065775950668,1.210336942494023,Reaching goal,0.14400066812175605,0.2788559171692734
