,time (s),mean_local,std_local,collision_flag,dmin,reward
0,11.75,1.7369458128078819,1.204165402783518,Reaching goal,0.6371750983601856,0.29770687126185896
