,time (s),mean_local,std_local,collision_flag,dmin,reward
0,12.0,1.7624903920061492,1.2222663678140044,Reaching goal,1.4441842858694667,0.28996760794560417
