,time (s),mean_local,std_local,collision_flag,dmin,reward
0,10.0,1.6137214137214138,1.274105971393192,Reaching goal,2.845325769164547,0.31239633674037365
