,time (s),mean_local,std_local,collision_flag,dmin,reward
0,12.25,1.6160310277957337,1.2866281681174712,Reaching goal,0.917688793455165,0.2824295364810001
