,time (s),mean_local,std_local,collision_flag,dmin,reward
0,11.0,1.6590909090909092,1.4762234035504527,Reaching goal,1.4414724847688176,0.3209651509925145
