,time (s),mean_local,std_local,collision_flag,dmin,reward
0,10.75,1.5661625708884688,1.1882651728544102,Reaching goal,0.2415367776240594,0.2985403026168175
