,time (s),mean_local,std_local,collision_flag,dmin,reward
0,10.25,1.7309304274937134,1.2292293318980636,Reaching goal,1.327625648892441,0.3486784401000001
