,time (s),mean_local,std_local,collision_flag,dmin,reward
0,11.25,1.528,1.2038338755825075,Reaching goal,0.5951861191160299,0.28525679664159825
