,time (s),mean_local,std_local,collision_flag,dmin,reward
0,12.25,1.5180149558123726,1.2008586899590439,Reaching goal,0.5108124484229808,0.27374260705269404
