,time (s),mean_local,std_local,collision_flag,dmin,reward
0,12.0,1.5866635687732342,1.2866986885307756,Reaching goal,1.6667619344769533,0.2832596183986865
