,time (s),mean_local,std_local,collision_flag,dmin,reward
0,11.75,1.5499359795134442,1.2188776017046292,Collision,1.2284215660859745,-0.12377566714241081
