,time (s),mean_local,std_local,collision_flag,dmin,reward
0,5.0,1.6104615384615384,1.2812066797410235,Collision,0.14160028093157506,-0.16617418222674024
