,time (s),mean_local,std_local,collision_flag,dmin,reward
0,10.25,1.7679324894514767,1.2369765217147615,Reaching goal,0.6163375606678998,0.3486784401000001
