,time (s),mean_local,std_local,collision_flag,dmin,reward
0,11.0,1.606137458787725,1.2787233950504255,Reaching goal,0.4692593730693662,0.3215762016700976
