,time (s),mean_local,std_local,collision_flag,dmin,reward
0,11.5,1.5991664623682276,1.2783329467777047,Reaching goal,2.4131931699847837,0.30565269625961566
