,time (s),mean_local,std_local,collision_flag,dmin,reward
0,13.5,1.494186046511628,1.2459100205633566,Reaching goal,0.36077320307748756,0.2316226197919681
