,time (s),mean_local,std_local,collision_flag,dmin,reward
0,10.0,1.7660979636763896,1.1979600241042834,Reaching goal,0.7832257043590432,0.3579847011674125
