,time (s),mean_local,std_local,collision_flag,dmin,reward
0,11.25,1.6121103117505995,1.2877478741398494,Reaching goal,0.3003637666040216,0.2994520412075368
