,time (s),mean_local,std_local,collision_flag,dmin,reward
0,12.0,1.5676691729323309,1.1940988279259817,Reaching goal,0.582446189014534,0.28940653476199707
