,time (s),mean_local,std_local,collision_flag,dmin,reward
0,9.0,1.4516129032258065,1.3461704267655052,Reaching goal,1.684507131056435,0.3381418079280605
