,time (s),mean_local,std_local,collision_flag,dmin,reward
0,11.25,1.6193333333333333,1.279489307844692,Reaching goal,1.0390909555526961,0.30420717563365335
