,time (s),mean_local,std_local,collision_flag,dmin,reward
0,11.5,1.621758737316798,1.29546953890636,Reaching goal,1.535949301889655,0.30538345966683034
