,time (s),mean_local,std_local,collision_flag,dmin,reward
0,12.75,1.6170652494833186,1.2911469381438807,Reaching goal,1.9130124391090975,0.2531293270853738
