,time (s),mean_local,std_local,collision_flag,dmin,reward
0,10.0,1.6241310824230388,1.235133487351099,Reaching goal,1.3960585098161378,0.3130899177442187
