,time (s),mean_local,std_local,collision_flag,dmin,reward
0,10.5,1.737527114967462,1.2191892872910488,Reaching goal,0.8543390746594881,0.3396141069551285
