,time (s),mean_local,std_local,collision_flag,dmin,reward
0,4.75,1.6175824175824176,1.2539689435305845,Collision,0.058531343907010314,-0.1863626549785055
