,time (s),mean_local,std_local,collision_flag,dmin,reward
0,10.0,1.8106060606060606,1.3111752136047075,Reaching goal,0.9974149157136363,0.3579847011674125
