,time (s),mean_local,std_local,collision_flag,dmin,reward
0,11.25,1.568815331010453,1.209559624434086,Reaching goal,0.6667486816397226,0.31096436017304724
