,time (s),mean_local,std_local,collision_flag,dmin,reward
0,13.0,1.6232798165137614,1.2316298870129179,Reaching goal,0.1984407314463228,0.25234176247857526
