,time (s),mean_local,std_local,collision_flag,dmin,reward
0,11.5,1.6138665281745002,1.2833774909645987,Reaching goal,1.2760383636226982,0.30565269625961566
