,time (s),mean_local,std_local,collision_flag,dmin,reward
0,11.25,1.600802407221665,1.2792689103190735,Reaching goal,0.6194718244620556,0.31381059609000006
