,time (s),mean_local,std_local,collision_flag,dmin,reward
0,11.75,1.6170747018204645,1.2801089603925873,Reaching goal,0.7729936734408125,0.2686116316643289
