,time (s),mean_local,std_local,collision_flag,dmin,reward
0,11.75,1.5113268608414239,1.20437492144864,Reaching goal,0.8208234570206567,0.2955662598406638
