,time (s),mean_local,std_local,collision_flag,dmin,reward
0,11.75,1.6022458628841607,1.2332354441028814,Reaching goal,0.48406055682651755,0.2953060537553426
