,time (s),mean_local,std_local,collision_flag,dmin,reward
0,11.25,1.7573317998849913,1.2551433046053846,Reaching goal,0.9028833003305139,0.31381059609000006
