,time (s),mean_local,std_local,collision_flag,dmin,reward
0,10.0,1.6168466522678187,1.2610022035975963,Reaching goal,3.268389423715388,0.35526539754128833
