,time (s),mean_local,std_local,collision_flag,dmin,reward
0,15.0,1.5162162162162163,1.252459960737487,Reaching goal,0.34232346586051904,0.15122834620483283
