,time (s),mean_local,std_local,collision_flag,dmin,reward
0,10.75,1.621779290228488,1.2452621514612174,Reaching goal,3.4742022779273496,0.31506466350492296
