,time (s),mean_local,std_local,collision_flag,dmin,reward
0,10.5,1.4431818181818181,1.3887367914882423,Reaching goal,3.375405110898733,0.3396141069551285
