,time (s),mean_local,std_local,collision_flag,dmin,reward
0,10.75,1.5481569560047563,1.2055655928527493,Reaching goal,3.6849680561463245,0.3284666846612506
