,time (s),mean_local,std_local,collision_flag,dmin,reward
0,10.5,1.618378812199037,1.2694835103246003,Reaching goal,0.6793756190206546,0.3392062280336818
