,time (s),mean_local,std_local,collision_flag,dmin,reward
0,9.75,1.7537674154108616,1.2542520891060762,Reaching goal,0.6209035932250975,0.3675393472368629
