,time (s),mean_local,std_local,collision_flag,dmin,reward
0,11.25,1.5648232094288304,1.1934830368783058,Reaching goal,1.4195661445914358,0.31295066861318965
