,time (s),mean_local,std_local,collision_flag,dmin,reward
0,11.0,1.6142414860681114,1.2823335070948685,Reaching goal,0.34610376721716013,0.3029035941391708
