,time (s),mean_local,std_local,collision_flag,dmin,reward
0,1.25,1.4903677758318739,1.2047025653851933,Collision,1.6229788708638044,-0.23670736219653038
