,time (s),mean_local,std_local,collision_flag,dmin,reward
0,12.0,1.741421568627451,1.2573021766689036,Reaching goal,0.7176223428955484,0.28996760794560417
