,time (s),mean_local,std_local,collision_flag,dmin,reward
0,12.0,1.6033254156769596,1.2425123430405833,Reaching goal,0.21344420684043347,0.2595800406443859
