,time (s),mean_local,std_local,collision_flag,dmin,reward
0,9.75,1.6117372716673144,1.2723135563288663,Reaching goal,3.652734883147353,0.3675393472368629
