,time (s),mean_local,std_local,collision_flag,dmin,reward
0,12.0,1.6350594821553535,1.270096264306226,Reaching goal,2.691971283112229,0.28996760794560417
