,time (s),mean_local,std_local,collision_flag,dmin,reward
0,10.5,1.6183898973954223,1.27044962036179,Reaching goal,0.836738543227509,0.33055362667938526
