,time (s),mean_local,std_local,collision_flag,dmin,reward
0,18.75,1.6111553784860557,1.2829178514516546,Reaching goal,0.9427833668789691,0.1263429973209286
