,time (s),mean_local,std_local,collision_flag,dmin,reward
0,15.0,1.7430167597765363,1.2324591773447364,Reaching goal,0.4708489563811005,0.21138638619234543
