,time (s),mean_local,std_local,collision_flag,dmin,reward
0,11.25,1.62,1.2670421928125941,Reaching goal,1.6660329495571413,0.31381059609000006
