,time (s),mean_local,std_local,collision_flag,dmin,reward
0,11.5,1.6234439834024896,1.2219084819037995,Reaching goal,1.8470082635247531,0.2758526620641356
