,time (s),mean_local,std_local,collision_flag,dmin,reward
0,10.0,1.6086727989487517,1.2849389149477473,Reaching goal,3.6088509427517304,0.3510305918890302
