,time (s),mean_local,std_local,collision_flag,dmin,reward
0,10.0,1.4954407294832828,1.2144559379452227,Reaching goal,3.3042777411509117,0.3579847011674125
