,time (s),mean_local,std_local,collision_flag,dmin,reward
0,11.75,1.7375348013161225,1.2348626432319978,Reaching goal,2.4134932424213815,0.29770687126185896
