,time (s),mean_local,std_local,collision_flag,dmin,reward
0,11.75,1.5776736924277908,1.206449448320645,Reaching goal,0.5953005753007863,0.286616351942553
