,time (s),mean_local,std_local,collision_flag,dmin,reward
0,5.75,1.6222158766419188,1.2989904709108557,Collision,0.11359777370330404,-0.15380352189608412
