,time (s),mean_local,std_local,collision_flag,dmin,reward
0,11.5,1.5471698113207548,1.3112868191618154,Reaching goal,0.5195268013574601,0.30565269625961566
