,time (s),mean_local,std_local,collision_flag,dmin,reward
0,11.25,1.5973220927349367,1.2788744003468513,Reaching goal,0.7098555738914163,0.31381059609000006
