,time (s),mean_local,std_local,collision_flag,dmin,reward
0,12.25,1.7285089849441477,1.2349603290664977,Reaching goal,0.4936194546185509,0.2824295364810001
