,time (s),mean_local,std_local,collision_flag,dmin,reward
0,12.0,1.7652825836216839,1.2030023023767076,Reaching goal,0.42509642236584094,0.28996760794560417
