,time (s),mean_local,std_local,collision_flag,dmin,reward
0,12.5,1.6134751773049645,1.2528248850682386,Reaching goal,0.5246625354144339,0.2685274609792147
