,time (s),mean_local,std_local,collision_flag,dmin,reward
0,10.25,1.6034639927073837,1.2816068459995424,Reaching goal,4.483402311616507,0.3486784401000001
