,time (s),mean_local,std_local,collision_flag,dmin,reward
0,12.0,1.6250423011844333,1.2745785766778004,Reaching goal,1.6887480710694316,0.28996760794560417
