,time (s),mean_local,std_local,collision_flag,dmin,reward
0,11.75,1.5049645390070923,1.2147046012286542,Reaching goal,2.0986867058742305,0.2938096200491504
