,time (s),mean_local,std_local,collision_flag,dmin,reward
0,11.5,1.5927272727272728,1.280320207881897,Reaching goal,1.6705538466883723,0.30373472793307493
