,time (s),mean_local,std_local,collision_flag,dmin,reward
0,9.75,1.7279429835340379,1.2371564684767151,Reaching goal,1.617107518583802,0.3675393472368629
