,time (s),mean_local,std_local,collision_flag,dmin,reward
0,12.0,1.605539882021031,1.281922000763756,Reaching goal,2.156184818972263,0.28890829524236966
