,time (s),mean_local,std_local,collision_flag,dmin,reward
0,12.0,1.728,1.2322688782223197,Reaching goal,0.7903346469943475,0.28996760794560417
