,time (s),mean_local,std_local,collision_flag,dmin,reward
0,12.5,1.7808988764044944,1.3270205204457581,Reaching goal,1.0504415212300038,0.2750874266336541
