,time (s),mean_local,std_local,collision_flag,dmin,reward
0,10.75,1.7687113111986494,1.2044609329254004,Reaching goal,0.8673641610323941,0.3307854125131766
