,time (s),mean_local,std_local,collision_flag,dmin,reward
0,9.5,1.808390022675737,1.260159581115732,Reaching goal,3.859448024986044,0.37734900772792057
