,time (s),mean_local,std_local,collision_flag,dmin,reward
0,13.75,1.6350813743218806,1.2633084819963116,Reaching goal,1.0944024006286228,0.23538079474543777
