,time (s),mean_local,std_local,collision_flag,dmin,reward
0,11.5,1.613821138211382,1.2902275089762385,Reaching goal,2.3556601712015017,0.30565269625961566
