,time (s),mean_local,std_local,collision_flag,dmin,reward
0,11.25,1.559157212317666,1.2031096673024335,Reaching goal,0.4998346020401048,0.31381059609000006
