,time (s),mean_local,std_local,collision_flag,dmin,reward
0,11.5,1.7422928709055876,1.1971237780804103,Reaching goal,0.4810287225734083,0.30565269625961566
