,time (s),mean_local,std_local,collision_flag,dmin,reward
0,11.0,1.6323529411764706,1.229812638566212,Reaching goal,0.6089596333143306,0.18420202555654103
