,time (s),mean_local,std_local,collision_flag,dmin,reward
0,9.75,1.7519504977132097,1.2454164939676817,Reaching goal,0.26184406161956525,0.3675393472368629
