,time (s),mean_local,std_local,collision_flag,dmin,reward
0,11.5,1.7621028744326777,1.2415162494249892,Reaching goal,0.7424671478343325,0.30565269625961566
