,time (s),mean_local,std_local,collision_flag,dmin,reward
0,11.25,1.6142083466071997,1.285075740338894,Reaching goal,2.0270417045291644,0.29065231497247285
