,time (s),mean_local,std_local,collision_flag,dmin,reward
0,10.75,1.5669781931464175,1.2162067182251235,Reaching goal,0.5927492174886018,0.3307854125131766
