,time (s),mean_local,std_local,collision_flag,dmin,reward
0,11.75,1.587967401725791,1.2827414729310926,Reaching goal,0.4344110565432158,0.2897627156574214
