,time (s),mean_local,std_local,collision_flag,dmin,reward
0,12.5,1.4964664310954063,1.2076705176751734,Reaching goal,2.0662496133269177,0.2750874266336541
