,time (s),mean_local,std_local,collision_flag,dmin,reward
0,11.25,1.5580645161290323,1.2907297744595414,Reaching goal,0.46520568779435384,0.31381059609000006
