,time (s),mean_local,std_local,collision_flag,dmin,reward
0,13.25,1.8961218836565097,1.282315870089948,Reaching goal,0.5803845952633735,0.2541865828329001
