,time (s),mean_local,std_local,collision_flag,dmin,reward
0,9.75,1.8612612612612613,1.294699601401298,Reaching goal,0.7743882390781782,0.3675393472368629
