,time (s),mean_local,std_local,collision_flag,dmin,reward
0,11.0,1.5115511551155116,1.2090276088387353,Reaching goal,3.4270024624006217,0.27433344390818254
