,time (s),mean_local,std_local,collision_flag,dmin,reward
0,9.5,1.5119047619047619,1.2037410335193324,Reaching goal,3.0908482216110498,0.37587740549495613
