,time (s),mean_local,std_local,collision_flag,dmin,reward
0,12.25,1.628826969384245,1.270244295804393,Reaching goal,1.1386632391887792,0.2645756268848271
