,time (s),mean_local,std_local,collision_flag,dmin,reward
0,10.25,1.5668629100084104,1.1957080516887395,Reaching goal,0.5603330906675141,0.2759261815379798
