,time (s),mean_local,std_local,collision_flag,dmin,reward
0,9.0,1.83125,1.3064991787853013,Reaching goal,1.2051335854902905,0.39776077907490276
