,time (s),mean_local,std_local,collision_flag,dmin,reward
0,12.5,1.621771217712177,1.2618903844996257,Reaching goal,1.4509229612078087,0.26792163137976516
