,time (s),mean_local,std_local,collision_flag,dmin,reward
0,12.5,1.608397365532382,1.2904469397190113,Reaching goal,1.5346898243368399,0.2662666158746637
