,time (s),mean_local,std_local,collision_flag,dmin,reward
0,12.75,1.5529753265602322,1.1903801642880958,Reaching goal,1.3336532417233766,0.26793618413567305
