,time (s),mean_local,std_local,collision_flag,dmin,reward
0,12.25,1.7875816993464053,1.3662515037246223,Reaching goal,0.7904255168956733,0.2824295364810001
