,time (s),mean_local,std_local,collision_flag,dmin,reward
0,11.5,1.617139677239844,1.294350572499713,Reaching goal,0.9004713241290363,0.30565269625961566
