,time (s),mean_local,std_local,collision_flag,dmin,reward
0,10.0,1.5768996960486321,1.216283188821683,Collision,1.5861949204432366,-0.10157799807026119
