,time (s),mean_local,std_local,collision_flag,dmin,reward
0,11.75,1.746383363471971,1.204032004650342,Reaching goal,0.9243975865502665,0.29770687126185896
