,time (s),mean_local,std_local,collision_flag,dmin,reward
0,8.75,1.7689352360043908,1.2606781524830617,Reaching goal,3.233152866067316,0.3994324404716658
