,time (s),mean_local,std_local,collision_flag,dmin,reward
0,8.75,1.7593732512590934,1.2491811527338623,Reaching goal,0.881284396490781,0.3260959523966186
