,time (s),mean_local,std_local,collision_flag,dmin,reward
0,8.25,1.7625570776255708,1.2526737942776636,Reaching goal,1.0860205442116877,0.37800029779306504
