,time (s),mean_local,std_local,collision_flag,dmin,reward
0,9.75,1.7354478912513072,1.254646984307418,Reaching goal,2.3816338138179907,0.36436242688824344
