,time (s),mean_local,std_local,collision_flag,dmin,reward
0,5.75,1.8217109992810927,1.2506746785480463,Collision,0.011816772038637291,-0.2249406675661344
