,time (s),mean_local,std_local,collision_flag,dmin,reward
0,9.0,1.625,1.3063679505492403,Reaching goal,2.213630843096678,0.38001363259179344
