,time (s),mean_local,std_local,collision_flag,dmin,reward
0,9.75,1.8112965340179719,1.259245954099046,Reaching goal,0.1992622505145354,0.34157952651714807
