,time (s),mean_local,std_local,collision_flag,dmin,reward
0,8.25,1.765976597659766,1.2489974072449934,Reaching goal,1.8702799798088094,0.3233399040209817
