,time (s),mean_local,std_local,collision_flag,dmin,reward
0,9.0,1.7447411003236246,1.2524945391144071,Reaching goal,0.5141326454914823,0.32639415007240413
