,time (s),mean_local,std_local,collision_flag,dmin,reward
0,8.75,1.6865543819583215,1.2555144377482488,Reaching goal,1.7466070204291613,0.3973884561274805
