,time (s),mean_local,std_local,collision_flag,dmin,reward
0,10.25,1.6956521739130435,1.251233375970533,Reaching goal,0.08110036984937086,0.2864759021946233
