,time (s),mean_local,std_local,collision_flag,dmin,reward
0,9.0,1.8864864864864865,1.3123451593940338,Reaching goal,1.0956619278637911,0.3977584931034139
