,time (s),mean_local,std_local,collision_flag,dmin,reward
0,9.75,1.7227197346600331,1.2512274170374458,Reaching goal,2.3956845425564874,0.35343832270039466
