,time (s),mean_local,std_local,collision_flag,dmin,reward
0,9.0,1.71072,1.2476526285789649,Reaching goal,0.38945152586166826,0.37014497440840893
