,time (s),mean_local,std_local,collision_flag,dmin,reward
0,9.25,1.765358361774744,1.2592570367268636,Reaching goal,0.19061859724279795,0.35673290146248754
