,time (s),mean_local,std_local,collision_flag,dmin,reward
0,8.5,1.806878306878307,1.3578130919232554,Reaching goal,0.5417845452960894,0.4008982923232677
