,time (s),mean_local,std_local,collision_flag,dmin,reward
0,10.0,1.8787401574803149,1.2521873725391228,Reaching goal,0.06754594751981291,0.14434157951613263
