,time (s),mean_local,std_local,collision_flag,dmin,reward
0,1.5,7.415300546448087,3.7927434009302883,Collision,0.35385518746431727,-0.28057348719587866
