,time (s),mean_local,std_local,collision_flag,dmin,reward
0,2.75,6.181818181818182,3.9270201939009413,Collision,0.45785749937316883,-0.2133727527161458
