,time (s),mean_local,std_local,collision_flag,dmin,reward
0,16.25,7.258620689655173,3.6030495297171434,Collision,0.28658373949346255,-0.05609838613560049
