,time (s),mean_local,std_local,collision_flag,dmin,reward
0,5.5,11.818181818181818,6.183823204255407,Collision,0.339819682376529,-0.2819212756282289
