,time (s),mean_local,std_local,collision_flag,dmin,reward
0,4.25,9.352941176470589,5.368110374846981,Collision,0.085807722324451,-0.20196182604495297
