,time (s),mean_local,std_local,collision_flag,dmin,reward
0,4.75,11.2,6.442825467137846,Collision,0.33271125308857546,-0.20694266789137478
