,time (s),mean_local,std_local,collision_flag,dmin,reward
0,3.0,6.416666666666667,4.212250652033371,Collision,0.31533089774861206,-0.22090487739684814
