,time (s),mean_local,std_local,collision_flag,dmin,reward
0,4.0,9.9375,5.984028221023026,Collision,0.10269387282286979,-0.18510255091945121
