,time (s),mean_local,std_local,collision_flag,dmin,reward
0,18.0,7.764705882352941,4.874398704314293,Reaching goal,0.912230374982032,0.13838005860837968
