,time (s),mean_local,std_local,collision_flag,dmin,reward
0,5.75,10.956521739130435,5.598744120585282,Collision,0.08007097066938507,-0.2643339060001346
