,time (s),mean_local,std_local,collision_flag,dmin,reward
0,22.25,4.74496644295302,5.067536317357083,Reaching goal,1.4852628871328681,0.09738388899963969
