,time (s),mean_local,std_local,collision_flag,dmin,reward
0,3.25,8.014705882352942,4.122484903094238,Collision,0.5092105438065269,-0.3097413176447811
