,time (s),mean_local,std_local,collision_flag,dmin,reward
0,5.25,8.46368715083799,4.083290631656328,Collision,0.11822258226840521,-0.21222096975333976
