,time (s),mean_local,std_local,collision_flag,dmin,reward
0,3.0,8.204188481675393,4.114230602601858,Collision,0.3554520168431515,-0.19278782321343058
