,time (s),mean_local,std_local,collision_flag,dmin,reward
0,3.5,8.5,5.538824011337734,Collision,0.3876374640918972,-0.1975103799529458
