,time (s),mean_local,std_local,collision_flag,dmin,reward
0,4.0,8.09811320754717,3.7904791635188877,Collision,0.07730999108362757,-0.23606996107633166
