,time (s),mean_local,std_local,collision_flag,dmin,reward
0,11.25,8.092369477911646,3.8416840256120364,Collision,0.2485145085067833,-0.08407366609664893
