,time (s),mean_local,std_local,collision_flag,dmin,reward
0,4.0,10.868421052631579,5.82720955442103,Collision,0.12496496776494415,-0.17584220393656996
