,time (s),mean_local,std_local,collision_flag,dmin,reward
0,3.75,9.466666666666667,5.886330681238431,Collision,0.2793045218924531,-0.17289753106970615
