,time (s),mean_local,std_local,collision_flag,dmin,reward
0,15.0,8.416666666666666,6.036808391489294,Reaching goal,0.7367036485099094,0.14163944150167979
