,time (s),mean_local,std_local,collision_flag,dmin,reward
0,22.5,5.107462686567164,4.037928885139451,Reaching goal,0.8081343091614928,0.09571264196379108
