,time (s),mean_local,std_local,collision_flag,dmin,reward
0,3.5,5.188034188034188,4.066957304869194,Collision,0.18239286266725374,-0.1976111146744867
