,time (s),mean_local,std_local,collision_flag,dmin,reward
0,17.0,8.10989010989011,4.236032119778165,Reaching goal,0.3528549502671599,0.14439761853237296
