,time (s),mean_local,std_local,collision_flag,dmin,reward
0,11.25,6.603448275862069,3.9651049260909628,Collision,0.79048411253165,-0.10104883225533413
