,time (s),mean_local,std_local,collision_flag,dmin,reward
0,3.75,9.4,5.7942500233708705,Collision,0.24228809154014957,-0.17289753106970615
