,time (s),mean_local,std_local,collision_flag,dmin,reward
0,4.0,9.3125,5.944732437208591,Collision,0.21029522762588831,-0.18015273584871946
