,time (s),mean_local,std_local,collision_flag,dmin,reward
0,12.25,4.95,3.9385911186615963,Collision,0.31528786808644954,-0.0920889408973685
