,time (s),mean_local,std_local,collision_flag,dmin,reward
0,4.0,9.25,6.149186938124422,Collision,0.1703511682403437,-0.1825608228594575
