,time (s),mean_local,std_local,collision_flag,dmin,reward
0,19.0,7.534050179211469,3.570551860048481,Reaching goal,0.26929608431029767,0.12860446192919728
