,time (s),mean_local,std_local,collision_flag,dmin,reward
0,5.25,12.0,6.733003292241386,Collision,0.3811825926665913,-0.23885807244371668
