,time (s),mean_local,std_local,collision_flag,dmin,reward
0,13.75,7.272949816401469,3.511152400022559,Reaching goal,0.5698862567179186,0.22144355000358762
