,time (s),mean_local,std_local,collision_flag,dmin,reward
0,3.25,7.6923076923076925,4.6473253744594505,Collision,0.3258144190543611,-0.21156070161873602
