,time (s),mean_local,std_local,collision_flag,dmin,reward
0,3.75,9.133333333333333,5.9985183355743965,Collision,0.19482276722389857,-0.17418817521719276
