,time (s),mean_local,std_local,collision_flag,dmin,reward
0,11.75,8.595744680851064,5.902251912358519,Reaching goal,1.6267877623999993,0.12905358959005914
