,time (s),mean_local,std_local,collision_flag,dmin,reward
0,23.75,7.513888888888889,3.743858139063511,Reaching goal,2.1770579571163,0.06338463715610915
