,time (s),mean_local,std_local,collision_flag,dmin,reward
0,3.75,9.266666666666667,5.778888782071823,Collision,0.33312949827632427,-0.19550378593481285
