,time (s),mean_local,std_local,collision_flag,dmin,reward
0,15.0,7.433333333333334,6.489393054995377,Collision,0.34253945819050174,-0.18062927450912955
