,time (s),mean_local,std_local,collision_flag,dmin,reward
0,4.25,9.294117647058824,4.495287805774776,Collision,0.5858416012763206,-0.20366227180437768
