,time (s),mean_local,std_local,collision_flag,dmin,reward
0,9.75,11.205128205128204,5.743131849879638,Reaching goal,0.35235554577110234,0.2411310608610306
