,time (s),mean_local,std_local,collision_flag,dmin,reward
0,12.25,7.18077474892396,3.4804686399342994,Collision,1.014722220374374,-0.10285045311839139
