,time (s),mean_local,std_local,collision_flag,dmin,reward
0,14.5,6.402439024390244,5.355325036473694,Reaching goal,0.9086000987298335,0.22282081557325983
