,time (s),mean_local,std_local,collision_flag,dmin,reward
0,12.5,8.34,3.350283570087762,Reaching goal,0.46689582972564386,0.20099869272001925
