,time (s),mean_local,std_local,collision_flag,dmin
0,8.5,5.264705882352941,2.39249836842297,Collision,0.4694910025362327
