,time (s),mean_local,std_local,collision_flag,dmin
0,18.0,0.2916666666666667,0.45452967144315476,Reaching goal,1.4371010250895044
