,time (s),mean_local,std_local,collision_flag,dmin
0,18.0,1.5833333333333333,0.6180165405913052,Reaching goal,0.39904464275382606
