,time (s),mean_local,std_local,collision_flag,dmin,reward
0,21.25,14.131152329487367,3.9413738108540626,Reaching goal,0.06469388179307412,0.1057142170605635
