,time (s),mean_local,std_local,collision_flag,dmin,reward
0,14.75,13.968643747638836,3.8193232197392577,Reaching goal,0.485213102163447,0.21446183249325299
