,time (s),mean_local,std_local,collision_flag,dmin,reward
0,11.25,13.825729244577412,3.712800525774765,Reaching goal,0.23745016036260963,0.3126296589253023
