,time (s),mean_local,std_local,collision_flag,dmin,reward
0,19.0,13.874006810442678,3.8121340941559874,Reaching goal,0.2675279931103403,0.12982618401539314
