,time (s),mean_local,std_local,collision_flag,dmin,reward
0,15.5,13.76105610561056,3.748311154160406,Reaching goal,0.3021905169256263,0.18851216612391658
