,time (s),mean_local,std_local,collision_flag,dmin,reward
0,15.75,13.649812734082397,3.743787608534353,Reaching goal,0.40088977299861633,0.19042116707896406
