,time (s),mean_local,std_local,collision_flag,dmin,reward
0,17.75,14.066013685764123,3.9332877961029284,Reaching goal,0.6536601318085418,0.15553803931400254
