,time (s),mean_local,std_local,collision_flag,dmin,reward
0,22.0,14.085367702805156,3.9470133041640514,Reaching goal,0.11409400647195844,0.09222150264479231
