,time (s),mean_local,std_local,collision_flag,dmin,reward
0,18.5,15.554054054054054,4.753780549267254,Reaching goal,0.0643360925094777,0.13543038812563693
