,time (s),mean_local,std_local,collision_flag,dmin,reward
0,12.75,13.891947694425326,3.725623759008057,Reaching goal,0.5406284360413869,0.2596029622877079
