,time (s),mean_local,std_local,collision_flag,dmin,reward
0,19.5,14.072531900604433,3.961463676792772,Reaching goal,0.3349203022696113,0.11911877806197134
