,time (s),mean_local,std_local,collision_flag,dmin,reward
0,20.75,13.699891657638137,3.851786881017386,Reaching goal,0.07370221138437993,0.10468207621656854
