,time (s),mean_local,std_local,collision_flag,dmin,reward
0,9.0,2.8671940049958367,1.8004804252465367,Reaching goal,1.009278720067551,0.38852709810711616
