,time (s),mean_local,std_local,collision_flag,dmin,reward
0,9.5,2.7327586206896552,1.787686612495224,Reaching goal,0.9103507961582382,0.3247077968558222
