,time (s),mean_local,std_local,collision_flag,dmin,reward
0,8.75,2.8686836176375925,1.8110293033052678,Reaching goal,1.040212484887389,0.34624734755107195
