,time (s),mean_local,std_local,collision_flag,dmin,reward
0,5.0,2.8855123674911662,1.7974172683101393,Collision,0.18648429195861027,-0.17142960614409464
