,time (s),mean_local,std_local,collision_flag,dmin,reward
0,8.5,3.0739669421487603,1.765341246874225,Reaching goal,0.9394781658841214,0.4192766752532451
