,time (s),mean_local,std_local,collision_flag,dmin,reward
0,5.0,2.873735825927061,1.816934265662258,Collision,0.11397202684577856,-0.22247420600053364
