,time (s),mean_local,std_local,collision_flag,dmin,reward
0,8.5,2.8623622047244095,1.8092372154802154,Reaching goal,1.1279744911831227,0.41243579532817437
