,time (s),mean_local,std_local,collision_flag,dmin,reward
0,9.75,3.05363748458693,1.7802058545606934,Reaching goal,0.6964690708800068,0.3629689591136058
