,time (s),mean_local,std_local,collision_flag,dmin,reward
0,8.5,2.858255451713396,1.8155186201132907,Collision,0.850570377583626,-0.23566701063929313
