,time (s),mean_local,std_local,collision_flag,dmin,reward
0,8.5,2.865958074992619,1.8112225167088012,Reaching goal,1.5185428832717953,0.3878370436198082
