,time (s),mean_local,std_local,collision_flag,dmin,reward
0,8.25,2.8547215496368037,1.7962946974200864,Reaching goal,1.1107398456967685,0.36627630190285076
