,time (s),mean_local,std_local,collision_flag,dmin,reward
0,8.75,2.9507908611599296,1.8083103144978447,Reaching goal,0.1604581694682089,0.22908503175517833
