,time (s),mean_local,std_local,collision_flag,dmin,reward
0,9.5,2.873750832778148,1.8100275473206475,Reaching goal,0.1584078518664248,0.2831529929955065
