,time (s),mean_local,std_local,collision_flag,dmin,reward
0,8.75,3.0747107438016528,1.7729944201411107,Reaching goal,1.6007737597414544,0.4073363024261473
