,time (s),mean_local,std_local,collision_flag,dmin,reward
0,8.5,2.8844026548672566,1.8139150190337303,Reaching goal,2.1701449296418263,0.3853963137240833
