,time (s),mean_local,std_local,collision_flag,dmin,reward
0,8.75,2.8732654949121184,1.8207452329562719,Collision,0.08947022495935175,-0.22779728861438414
