,time (s),mean_local,std_local,collision_flag,dmin,reward
0,8.25,2.9451754385964914,1.8339090319975937,Reaching goal,2.555377651506411,0.37802526898478805
