,time (s),mean_local,std_local,collision_flag,dmin,reward
0,8.75,3.0588235294117645,1.7707395236956722,Reaching goal,0.27640864637684454,0.4062300619731132
