,time (s),mean_local,std_local,collision_flag,dmin,reward
0,8.75,2.8343023255813953,1.7433888682128682,Reaching goal,1.7119682255090785,0.3718448554962108
