,time (s),mean_local,std_local,collision_flag,dmin,reward
0,10.5,3.0709555345316937,1.773791734990404,Reaching goal,0.7554266618528152,0.3018056513724966
