,time (s),mean_local,std_local,collision_flag,dmin,reward
0,9.0,2.8767918088737203,1.815605639229657,Reaching goal,0.22867146550921397,0.345187285357546
