,time (s),mean_local,std_local,collision_flag,dmin,reward
0,8.75,2.863482671174979,1.8041120616107336,Reaching goal,1.5113511447758814,0.3904654029065463
