,time (s),mean_local,std_local,collision_flag,dmin,reward
0,8.25,2.8676527831841185,1.811580105354718,Reaching goal,1.0513325840928047,0.3644751313534003
