,time (s),mean_local,std_local,collision_flag,dmin,reward
0,8.5,2.8757417102966842,1.8109386503732183,Reaching goal,2.335505168411697,0.41110659780706066
