,time (s),mean_local,std_local,collision_flag,dmin,reward
0,7.0,2.8374792703150913,1.7737130520080786,Collision,0.30030777864250907,-0.2465674835805878
