,time (s),mean_local,std_local,collision_flag,dmin,reward
0,8.25,2.8725728155339807,1.809702861958668,Reaching goal,0.02004567389031242,0.25289021957208613
