,time (s),mean_local,std_local,collision_flag,dmin,reward
0,10.0,2.8890243902439026,1.772727407928176,Collision,1.4544028488157763,-0.2699510912919052
