,time (s),mean_local,std_local,collision_flag,dmin,reward
0,8.25,2.881048387096774,1.7810127533979692,Reaching goal,1.5233290695911101,0.4228084552094688
