,time (s),mean_local,std_local,collision_flag,dmin,reward
0,9.0,2.9510489510489513,1.6358256243036022,Reaching goal,1.0502435627835753,0.39776077907490276
