,time (s),mean_local,std_local,collision_flag,dmin,reward
0,8.25,2.837078651685393,1.8179431532423267,Reaching goal,0.34774561218333383,0.3786518689408332
