,time (s),mean_local,std_local,collision_flag,dmin,reward
0,6.75,2.8568611987381702,1.8174843751516352,Collision,0.2342504656807996,-0.2336337078248209
