,time (s),mean_local,std_local,collision_flag,dmin,reward
0,10.0,2.872340425531915,1.8089343639925868,Reaching goal,0.019440261308731555,0.31674278146789414
