,time (s),mean_local,std_local,collision_flag,dmin,reward
0,8.25,2.8998015873015874,1.80411785382044,Reaching goal,2.4308186208415536,0.4075778855266477
