,time (s),mean_local,std_local,collision_flag,dmin,reward
0,8.75,3.079631181894384,1.7604757790867434,Reaching goal,2.2105637132841736,0.40377891516667713
