,time (s),mean_local,std_local,collision_flag,dmin,reward
0,10.75,2.77953488372093,1.7485541581924087,Reaching goal,0.3312250528749912,0.28753828687999106
