,time (s),mean_local,std_local,collision_flag,dmin,reward
0,7.75,2.865625,1.754062435046617,Collision,0.04410694594628661,-0.250380357382051
