,time (s),mean_local,std_local,collision_flag,dmin,reward
0,4.75,2.8634059051595586,1.805436326605099,Collision,0.053074059871004664,-0.17018218472344207
