,time (s),mean_local,std_local,collision_flag,dmin,reward
0,8.75,2.8957588145120083,1.8121735056539139,Reaching goal,1.9768085303462597,0.282919484700104
