,time (s),mean_local,std_local,collision_flag,dmin,reward
0,9.75,3.065779748706578,1.787727234222304,Reaching goal,0.27067278308286263,0.36174658153818623
