,time (s),mean_local,std_local,collision_flag,dmin,reward
0,9.25,2.8515546639919758,1.7421640269392247,Reaching goal,0.9774198878578684,0.2837234721920999
