,time (s),mean_local,std_local,collision_flag,dmin,reward
0,8.75,2.877428470505122,1.8121287355800157,Reaching goal,2.033698477927774,0.3498331841978846
