,time (s),mean_local,std_local,collision_flag,dmin,reward
0,9.5,2.8786217697729053,1.8036303715237363,Reaching goal,0.4208979070136523,0.3462432445528607
