,time (s),mean_local,std_local,collision_flag,dmin,reward
0,9.0,2.903746097814776,1.8037412022548078,Reaching goal,0.20932352535244575,0.30786540689490705
