,time (s),mean_local,std_local,collision_flag,dmin,reward
0,6.5,2.8638920134983126,1.7538422976387684,Collision,0.7210052240951208,-0.1886577515899051
