,time (s),mean_local,std_local,collision_flag,dmin,reward
0,8.25,2.863778054862843,1.8141064563662277,Reaching goal,1.6354628756133671,0.3777652257687292
