,time (s),mean_local,std_local,collision_flag,dmin,reward
0,8.5,2.85503355704698,1.7859795590798642,Reaching goal,1.4611928265821787,0.415509211306497
