,time (s),mean_local,std_local,collision_flag,dmin,reward
0,8.5,2.872300113679424,1.8194316742864318,Reaching goal,2.2074786354522318,0.3135208484810631
