,time (s),mean_local,std_local,collision_flag,dmin,reward
0,9.75,3.110136024572181,1.7594920107664667,Reaching goal,0.6698138022647002,0.3629158080656502
