,time (s),mean_local,std_local,collision_flag,dmin,reward
0,10.75,2.8717854518736226,1.8047872011823891,Reaching goal,0.8708219090448337,0.2664534292346659
