,time (s),mean_local,std_local,collision_flag,dmin,reward
0,8.5,2.8788798920377867,1.8186614994389936,Reaching goal,2.2780375329521196,0.35777899558322507
