,time (s),mean_local,std_local,collision_flag,dmin,reward
0,9.75,3.197628458498024,1.7172900992208082,Reaching goal,0.7641448286312369,0.36462351082810374
