,time (s),mean_local,std_local,collision_flag,dmin,reward
0,9.0,2.9039961013645224,1.7980506056536962,Reaching goal,0.41767900964715193,0.27184314399785836
