,time (s),mean_local,std_local,collision_flag,dmin,reward
0,8.75,2.8923076923076922,1.7805767742265952,Reaching goal,0.7776786406113907,0.30888127145340194
