,time (s),mean_local,std_local,collision_flag,dmin,reward
0,7.25,2.825242718446602,1.633551045654117,Collision,0.42058232655549893,-0.23152322759498614
