,time (s),mean_local,std_local,collision_flag,dmin,reward
0,9.5,2.8668266346730653,1.8053834567352391,Reaching goal,0.31691780467352043,0.3345072475644598
