,time (s),mean_local,std_local,collision_flag,dmin,reward
0,9.0,2.908887229275579,1.8005235820472625,Reaching goal,0.23777492429769193,0.35457968197830403
