,time (s),mean_local,std_local,collision_flag,dmin,reward
0,6.25,2.748322147651007,1.8301393216062396,Collision,0.10757807828873267,-0.252462743303576
