,time (s),mean_local,std_local,collision_flag,dmin,reward
0,8.5,2.8640560331104745,1.8072470692964133,Reaching goal,1.3982507583510433,0.33266984960273727
