,time (s),mean_local,std_local,collision_flag,dmin,reward
0,8.75,2.8637669265490358,1.8098769978874987,Reaching goal,1.3815860958745692,0.4044158785015125
