,time (s),mean_local,std_local,collision_flag,dmin,reward
0,11.0,2.8955461293743374,1.8120052383536809,Reaching goal,0.5396829207185252,0.2606335510958717
