,time (s),mean_local,std_local,collision_flag,dmin,reward
0,8.75,2.88693234476367,1.8052045409643787,Reaching goal,1.6717613634203592,0.3959556463979938
