,time (s),mean_local,std_local,collision_flag,dmin,reward
0,9.25,2.849740932642487,1.817100508314317,Reaching goal,1.8117227643812883,0.3814347160346666
