,time (s),mean_local,std_local,collision_flag,dmin,reward
0,9.25,3.130653266331658,1.7574007403514498,Reaching goal,1.3666340986732062,0.3828241165160177
