,time (s),mean_local,std_local,collision_flag,dmin,reward
0,8.5,2.8659420289855073,1.8096540994755643,Reaching goal,0.5151151642585441,0.32164459719646404
