,time (s),mean_local,std_local,collision_flag,dmin,reward
0,9.0,3.248062015503876,1.7566308827325054,Reaching goal,0.7822629934128065,0.3863726103731977
