,time (s),mean_local,std_local,collision_flag,dmin,reward
0,9.0,3.2167563412759415,1.7745477629736257,Reaching goal,0.8406364946792939,0.3957410538706881
