,time (s),mean_local,std_local,collision_flag,dmin,reward
0,7.25,2.8697304768486522,1.8131334190731898,Collision,1.0683594560575074,-0.18060261029402944
