,time (s),mean_local,std_local,collision_flag,dmin,reward
0,8.75,2.8725225225225226,1.8065102331472438,Reaching goal,2.895363842323954,0.4066947534631662
