,time (s),mean_local,std_local,collision_flag,dmin,reward
0,9.0,3.0646294344924483,1.773245748943022,Reaching goal,1.4406518769824057,0.3969362118741728
