,time (s),mean_local,std_local,collision_flag,dmin,reward
0,10.0,2.861504424778761,1.799907923524496,Reaching goal,0.3267676217416496,0.28980851646062683
