,time (s),mean_local,std_local,collision_flag,dmin,reward
0,9.0,2.865234375,1.814851835454259,Reaching goal,0.633717000693236,0.3822472298974676
