,time (s),mean_local,std_local,collision_flag,dmin,reward
0,8.25,2.8823142669296518,1.7915599947659482,Reaching goal,2.421186208960062,0.4008845121772123
