,time (s),mean_local,std_local,collision_flag,dmin,reward
0,10.0,2.945692883895131,1.851927376222754,Reaching goal,0.07054673303740167,0.31658550021694143
