,time (s),mean_local,std_local,collision_flag,dmin,reward
0,9.0,2.8694817658349328,1.8148062189753016,Reaching goal,0.6832412163894679,0.26667376919179514
