,time (s),mean_local,std_local,collision_flag,dmin,reward
0,9.25,2.8665808665808665,1.7996504081015134,Reaching goal,0.8849362890373145,0.3032636839307997
