,time (s),mean_local,std_local,collision_flag,dmin,reward
0,8.75,2.8791714614499426,1.8101214613329646,Reaching goal,3.577380912490442,0.3877148728590395
