,time (s),mean_local,std_local,collision_flag,dmin,reward
0,9.0,2.8889515219842163,1.8133171795956537,Reaching goal,1.4307223203538348,0.34976531487861134
