,time (s),mean_local,std_local,collision_flag,dmin,reward
0,9.0,3.237347294938918,1.7564246406065023,Reaching goal,0.8532555155477122,0.38996505713660046
