,time (s),mean_local,std_local,collision_flag,dmin,reward
0,8.25,2.858611825192802,1.8204943326984453,Reaching goal,0.02056229049749747,0.2806416993142073
