,time (s),mean_local,std_local,collision_flag,dmin,reward
0,9.0,2.8191850594227503,1.7809800667079558,Reaching goal,0.008314448137710873,0.2660074357575721
