,time (s),mean_local,std_local,collision_flag,dmin,reward
0,10.0,2.8716022889842634,1.8023694091482432,Reaching goal,0.39726696036012626,0.21332348465882028
