,time (s),mean_local,std_local,collision_flag,dmin,reward
0,5.0,2.911699779249448,1.8122719538372674,Collision,0.061672780779413294,-0.20293368076381837
