,time (s),mean_local,std_local,collision_flag,dmin,reward
0,8.25,2.877862595419847,1.7968778657722533,Reaching goal,1.1729460927617195,0.4033620931921868
