,time (s),mean_local,std_local,collision_flag,dmin,reward
0,8.5,2.871190130624093,1.805819541077923,Reaching goal,0.027702230314394782,0.3004712290170681
