,time (s),mean_local,std_local,collision_flag,dmin,reward
0,10.25,2.7106227106227108,1.8198530654965108,Reaching goal,0.4277440415660206,0.3486784401000001
