,time (s),mean_local,std_local,collision_flag,dmin,reward
0,8.5,2.856146469049695,1.798300119400567,Reaching goal,0.2894634066819651,0.4049574160267702
