,time (s),mean_local,std_local,collision_flag,dmin,reward
0,10.0,2.8831615120274914,1.7888807875863757,Reaching goal,0.961997625521436,0.24016935542624768
