,time (s),mean_local,std_local,collision_flag,dmin,reward
0,9.25,2.8818998716302953,1.803268601321194,Reaching goal,0.10891832077507313,0.3608177901046159
