,time (s),mean_local,std_local,collision_flag,dmin,reward
0,6.25,2.7523219814241484,1.7910905740122631,Collision,0.22787186078398342,-0.25037470311391585
