,time (s),mean_local,std_local,collision_flag,dmin,reward
0,4.75,2.8181818181818183,1.768059121706975,Collision,0.2849222946622148,-0.17676170162689914
