,time (s),mean_local,std_local,collision_flag,dmin,reward
0,6.5,2.902672718103883,1.8040990804218164,Collision,0.35531336349024195,-0.21380147292374563
