,time (s),mean_local,std_local,collision_flag,dmin,reward
0,8.5,3.0437273823884197,1.7754405771327115,Reaching goal,1.5851565537381171,0.4192766752532451
