,time (s),mean_local,std_local,collision_flag,dmin,reward
0,8.25,2.767950963222417,1.7634911554608772,Reaching goal,0.2630670024971394,0.4304672100000001
