,time (s),mean_local,std_local,collision_flag,dmin,reward
0,9.0,3.122503328894807,1.8086674342745166,Reaching goal,3.2015707713655166,0.39776077907490276
