,time (s),mean_local,std_local,collision_flag,dmin,reward
0,6.75,2.8869565217391306,1.808836466970512,Collision,0.6074424287551115,-0.14782031556199088
