,time (s),mean_local,std_local,collision_flag,dmin,reward
0,9.5,2.8901166359729897,1.8002337474991537,Reaching goal,0.8007342617039443,0.35473204301417155
