,time (s),mean_local,std_local,collision_flag,dmin,reward
0,8.75,2.8316100443131464,1.8119917084059471,Reaching goal,3.09083936143881,0.3637076243228676
