,time (s),mean_local,std_local,collision_flag,dmin,reward
0,8.5,2.9153094462540716,1.8213935963429029,Reaching goal,0.28358093999919004,0.2857951324736022
