,time (s),mean_local,std_local,collision_flag,dmin,reward
0,8.25,2.838235294117647,1.6987044727712788,Reaching goal,0.6697835386844451,0.3929921095240018
