,time (s),mean_local,std_local,collision_flag,dmin,reward
0,9.0,2.8974910394265234,1.802893178378498,Reaching goal,0.9437294040716107,0.21560652640122513
