,time (s),mean_local,std_local,collision_flag,dmin,reward
0,8.5,2.9196217494089836,1.8252673235865942,Reaching goal,0.9733019154161393,0.38320103138806333
