,time (s),mean_local,std_local,collision_flag,dmin,reward
0,8.75,3.1308360477741584,1.7444605226034944,Reaching goal,1.2827274064549752,0.4083770524854032
