,time (s),mean_local,std_local,collision_flag,dmin,reward
0,8.25,2.890634820867379,1.8062971174337168,Reaching goal,0.11592028299880397,0.347244316602827
