,time (s),mean_local,std_local,collision_flag,dmin,reward
0,8.5,2.7736699729486025,1.7473904705177823,Reaching goal,0.03464749284657753,0.26181778074216544
