,time (s),mean_local,std_local,collision_flag,dmin,reward
0,4.5,2.747422680412371,1.741879112326635,Collision,0.13793209889209934,-0.2050793269863759
