,time (s),mean_local,std_local,collision_flag,dmin,reward
0,10.75,2.877172653534183,1.7756497354312284,Reaching goal,0.163637643456633,0.11600244818729447
