,time (s),mean_local,std_local,collision_flag,dmin,reward
0,10.25,2.877245508982036,1.798175277593065,Reaching goal,0.02767340543493746,0.2685652723634875
