,time (s),mean_local,std_local,collision_flag,dmin,reward
0,8.5,2.888888888888889,1.8010085556352804,Reaching goal,0.12499139605653165,0.30051066757350214
