,time (s),mean_local,std_local,collision_flag,dmin,reward
0,6.5,2.898695318495779,1.8036008542564594,Collision,0.42073508947530686,-0.16497261159073603
