,time (s),mean_local,std_local,collision_flag,dmin,reward
0,9.5,3.2198660714285716,1.8137884533461197,Reaching goal,1.0951583896189538,0.36238875186001035
