,time (s),mean_local,std_local,collision_flag,dmin,reward
0,8.75,2.8592233009708736,1.8131809856454637,Reaching goal,1.8419467723529215,0.29744008824606943
