,time (s),mean_local,std_local,collision_flag,dmin,reward
0,9.5,3.0484460694698354,1.776453844521925,Reaching goal,1.386093519980315,0.37734900772792057
