,time (s),mean_local,std_local,collision_flag,dmin,reward
0,8.75,2.8930758360810174,1.800550527470364,Reaching goal,0.008799006344335059,0.38016985435090256
