,time (s),mean_local,std_local,collision_flag,dmin,reward
0,5.25,2.7643312101910826,1.7159429540372257,Collision,0.079508203549848,-0.1731067851541392
