,time (s),mean_local,std_local,collision_flag,dmin,reward
0,9.75,2.879934210526316,1.8147038313928103,Reaching goal,0.22009307078751866,0.3216587654595892
