,time (s),mean_local,std_local,collision_flag,dmin,reward
0,9.75,3.152894606630381,1.763301125518113,Reaching goal,0.7915984865018915,0.3563455168345825
