,time (s),mean_local,std_local,collision_flag,dmin,reward
0,9.5,2.91497975708502,1.8200575856205319,Reaching goal,0.5118550729902958,0.28340738106992625
