,time (s),mean_local,std_local,collision_flag,dmin,reward
0,9.0,2.9008620689655173,1.8004467368515509,Reaching goal,0.038034185796898434,0.3072974629380696
