,time (s),mean_local,std_local,collision_flag,dmin,reward
0,10.0,2.8180839612486546,1.737404678120633,Reaching goal,0.741529569213621,0.298263940511999
