,time (s),mean_local,std_local,collision_flag,dmin,reward
0,16.25,10.6949524506218,3.4691444981885438,Reaching goal,0.940965785895743,0.17886284384346107
