,time (s),mean_local,std_local,collision_flag,dmin,reward
0,18.75,10.647845468053491,3.4382312330914617,Reaching goal,0.042268603991649445,0.1362100406770219
