,time (s),mean_local,std_local,collision_flag,dmin,reward
0,15.0,10.766624843161857,3.4852246328343117,Reaching goal,0.3295074487699406,0.20145193154919513
