,time (s),mean_local,std_local,collision_flag,dmin,reward
0,18.5,10.654248927038626,3.466966301707728,Reaching goal,0.2556528312617697,0.1306020841610125
