,time (s),mean_local,std_local,collision_flag,dmin,reward
0,18.75,10.762387918829637,3.476942340645722,Reaching goal,0.2390948808661158,0.1360277909164594
