,time (s),mean_local,std_local,collision_flag,dmin,reward
0,12.25,10.770945945945947,3.4767908739039717,Reaching goal,0.11504175211302192,0.26833618502705436
