,time (s),mean_local,std_local,collision_flag,dmin,reward
0,14.0,10.652192154394797,3.4520095232612102,Reaching goal,0.3674732105671435,0.23487376243593935
