,time (s),mean_local,std_local,collision_flag,dmin,reward
0,12.75,10.866889312977099,3.6063360086929936,Reaching goal,0.6544365241247239,0.2668853038360411
