,time (s),mean_local,std_local,collision_flag,dmin,reward
0,19.25,10.652766308835673,3.4495285323761937,Reaching goal,0.09558204226762024,0.12883286004445144
