,time (s),mean_local,std_local,collision_flag,dmin,reward
0,17.25,10.789097187962506,3.4860592792433414,Reaching goal,0.25656889223091023,0.15345929673869077
