,time (s),mean_local,std_local,collision_flag,dmin,reward
0,15.25,10.95,3.7606165507939338,Reaching goal,0.18211200002733086,0.19875828460078704
