,time (s),mean_local,std_local,collision_flag,dmin,reward
0,17.75,10.656546811397558,3.4668792272253883,Reaching goal,0.6347436976565519,0.1529824328337573
