,time (s),mean_local,std_local,collision_flag,dmin,reward
0,17.25,10.680236108284143,3.4606523342999456,Reaching goal,0.2870235107905961,0.1653973440483072
