,time (s),mean_local,std_local,collision_flag,dmin,reward
0,19.0,10.782260371959943,3.4782504334980233,Reaching goal,0.23080901236855184,0.13445104672559843
